"","Method","id","ace_a","ace_c","ace_e","n","NGroups","NDependentVars","NIndependentVars","NContinuousLatentVars","Parameters","TrueModel","aBIC_ace_0.01","aBIC_ace_0.025","aBIC_ace_0.05","aBIC_ace_0.1","aBIC_ace_0.5","aBIC_ace_0.9","aBIC_ace_0.95","aBIC_ace_0.975","aBIC_ace_0.99","aBIC_ace_NA","AIC_ace_0.01","AIC_ace_0.025","AIC_ace_0.05","AIC_ace_0.1","AIC_ace_0.5","AIC_ace_0.9","AIC_ace_0.95","AIC_ace_0.975","AIC_ace_0.99","AIC_ace_NA","BIC_ace_0.01","BIC_ace_0.025","BIC_ace_0.05","BIC_ace_0.1","BIC_ace_0.5","BIC_ace_0.9","BIC_ace_0.95","BIC_ace_0.975","BIC_ace_0.99","BIC_ace_NA","CFI_ace_0.01","CFI_ace_0.025","CFI_ace_0.05","CFI_ace_0.1","CFI_ace_0.5","CFI_ace_0.9","CFI_ace_0.95","CFI_ace_0.975","CFI_ace_0.99","CFI_ace_NA","ChiSqBaseline_DF_ace_0.01","ChiSqBaseline_DF_ace_0.025","ChiSqBaseline_DF_ace_0.05","ChiSqBaseline_DF_ace_0.1","ChiSqBaseline_DF_ace_0.5","ChiSqBaseline_DF_ace_0.9","ChiSqBaseline_DF_ace_0.95","ChiSqBaseline_DF_ace_0.975","ChiSqBaseline_DF_ace_0.99","ChiSqBaseline_DF_ace_NA","ChiSqBaseline_PValue_ace_0.01","ChiSqBaseline_PValue_ace_0.025","ChiSqBaseline_PValue_ace_0.05","ChiSqBaseline_PValue_ace_0.1","ChiSqBaseline_PValue_ace_0.5","ChiSqBaseline_PValue_ace_0.9","ChiSqBaseline_PValue_ace_0.95","ChiSqBaseline_PValue_ace_0.975","ChiSqBaseline_PValue_ace_0.99","ChiSqBaseline_PValue_ace_NA","ChiSqBaseline_Value_ace_0.01","ChiSqBaseline_Value_ace_0.025","ChiSqBaseline_Value_ace_0.05","ChiSqBaseline_Value_ace_0.1","ChiSqBaseline_Value_ace_0.5","ChiSqBaseline_Value_ace_0.9","ChiSqBaseline_Value_ace_0.95","ChiSqBaseline_Value_ace_0.975","ChiSqBaseline_Value_ace_0.99","ChiSqBaseline_Value_ace_NA","ChiSqM_DF_ace_0.01","ChiSqM_DF_ace_0.025","ChiSqM_DF_ace_0.05","ChiSqM_DF_ace_0.1","ChiSqM_DF_ace_0.5","ChiSqM_DF_ace_0.9","ChiSqM_DF_ace_0.95","ChiSqM_DF_ace_0.975","ChiSqM_DF_ace_0.99","ChiSqM_DF_ace_NA","ChiSqM_PValue_ace_0.01","ChiSqM_PValue_ace_0.025","ChiSqM_PValue_ace_0.05","ChiSqM_PValue_ace_0.1","ChiSqM_PValue_ace_0.5","ChiSqM_PValue_ace_0.9","ChiSqM_PValue_ace_0.95","ChiSqM_PValue_ace_0.975","ChiSqM_PValue_ace_0.99","ChiSqM_PValue_ace_NA","ChiSqM_Value_ace_0.01","ChiSqM_Value_ace_0.025","ChiSqM_Value_ace_0.05","ChiSqM_Value_ace_0.1","ChiSqM_Value_ace_0.5","ChiSqM_Value_ace_0.9","ChiSqM_Value_ace_0.95","ChiSqM_Value_ace_0.975","ChiSqM_Value_ace_0.99","ChiSqM_Value_ace_NA","LL_ace_0.01","LL_ace_0.025","LL_ace_0.05","LL_ace_0.1","LL_ace_0.5","LL_ace_0.9","LL_ace_0.95","LL_ace_0.975","LL_ace_0.99","LL_ace_NA","RMSEA_90CI_LB_ace_0.01","RMSEA_90CI_LB_ace_0.025","RMSEA_90CI_LB_ace_0.05","RMSEA_90CI_LB_ace_0.1","RMSEA_90CI_LB_ace_0.5","RMSEA_90CI_LB_ace_0.9","RMSEA_90CI_LB_ace_0.95","RMSEA_90CI_LB_ace_0.975","RMSEA_90CI_LB_ace_0.99","RMSEA_90CI_LB_ace_NA","RMSEA_90CI_UB_ace_0.01","RMSEA_90CI_UB_ace_0.025","RMSEA_90CI_UB_ace_0.05","RMSEA_90CI_UB_ace_0.1","RMSEA_90CI_UB_ace_0.5","RMSEA_90CI_UB_ace_0.9","RMSEA_90CI_UB_ace_0.95","RMSEA_90CI_UB_ace_0.975","RMSEA_90CI_UB_ace_0.99","RMSEA_90CI_UB_ace_NA","RMSEA_Estimate_ace_0.01","RMSEA_Estimate_ace_0.025","RMSEA_Estimate_ace_0.05","RMSEA_Estimate_ace_0.1","RMSEA_Estimate_ace_0.5","RMSEA_Estimate_ace_0.9","RMSEA_Estimate_ace_0.95","RMSEA_Estimate_ace_0.975","RMSEA_Estimate_ace_0.99","RMSEA_Estimate_ace_NA","RMSEA_pLT05_ace_0.01","RMSEA_pLT05_ace_0.025","RMSEA_pLT05_ace_0.05","RMSEA_pLT05_ace_0.1","RMSEA_pLT05_ace_0.5","RMSEA_pLT05_ace_0.9","RMSEA_pLT05_ace_0.95","RMSEA_pLT05_ace_0.975","RMSEA_pLT05_ace_0.99","RMSEA_pLT05_ace_NA","SRMR_ace_0.01","SRMR_ace_0.025","SRMR_ace_0.05","SRMR_ace_0.1","SRMR_ace_0.5","SRMR_ace_0.9","SRMR_ace_0.95","SRMR_ace_0.975","SRMR_ace_0.99","SRMR_ace_NA","TLI_ace_0.01","TLI_ace_0.025","TLI_ace_0.05","TLI_ace_0.1","TLI_ace_0.5","TLI_ace_0.9","TLI_ace_0.95","TLI_ace_0.975","TLI_ace_0.99","TLI_ace_NA","UnrestrictedLL_ace_0.01","UnrestrictedLL_ace_0.025","UnrestrictedLL_ace_0.05","UnrestrictedLL_ace_0.1","UnrestrictedLL_ace_0.5","UnrestrictedLL_ace_0.9","UnrestrictedLL_ace_0.95","UnrestrictedLL_ace_0.975","UnrestrictedLL_ace_0.99","UnrestrictedLL_ace_NA"
"1","cor",5,1,1,1,100,2,2,0,6,4,"ACE",1008.348,1014.954,1021.349,1027.909,1050.727,1071.17,1076.854,1081.253,1086.254,163,1007.827,1014.433,1020.828,1027.388,1050.206,1070.649,1076.333,1080.732,1085.733,163,1021.021,1027.626,1034.021,1040.582,1063.4,1083.842,1089.526,1093.925,1098.926,163,1,1,1,1,1,1,1,1,1,163,2,2,2,2,2,2,2,2,2,163,0,0,0,0,0,0,0,0,0,163,53.336,58.368,62.78,68.482,88.897,111.722,118.29,124.655,131.289,163,6,6,6,6,6,6,6,6,6,163,0.9999,1,1,1,1,1,1,1,1,163,0,0,0,0,0,0,0,0.007,0.163,163,-499.914,-503.217,-506.414,-509.694,-521.103,-531.325,-534.167,-536.366,-538.866,163,0,0,0,0,0,0,0,0,0,163,0,0,0,0,0,0,0,0,0,163,0,0,0,0,0,0,0,0,0,163,1,1,1,1,1,1,1,1,1,163,0,0,0,0,0,0,0,0.002,0.009,163,1.015,1.016,1.017,1.018,1.023,1.03,1.033,1.035,1.039,163,-499.914,-503.217,-506.414,-509.694,-521.099,-531.311,-534.167,-536.366,-538.866,163
"2","cor",6,2,1,1,100,2,2,0,6,4,"ACE",981.279,988.677,995.354,1002.423,1026.388,1048.446,1054.542,1060.34,1065.506,162,980.758,988.156,994.833,1001.902,1025.868,1047.925,1054.021,1059.819,1064.985,162,993.952,1001.349,1008.026,1015.095,1039.061,1061.118,1067.214,1073.013,1078.179,162,1,1,1,1,1,1,1,1,1,162,2,2,2,2,2,2,2,2,2,162,0,0,0,0,0,0,0,0,0,162,74.118,79.295,85.11,91.206,113.265,137.194,144.262,150.881,158.363,162,6,6,6,6,6,6,6,6,6,162,0.9998,1,1,1,1,1,1,1,1,162,0,0,0,0,0,0,0,0.011,0.195,162,-486.379,-490.078,-493.416,-496.951,-508.934,-519.962,-523.011,-525.91,-528.493,162,0,0,0,0,0,0,0,0,0,162,0,0,0,0,0,0,0,0,0,162,0,0,0,0,0,0,0,0,0,162,1,1,1,1,1,1,1,1,1,162,0,0,0,0,0,0,0,0.003,0.013,162,1.013,1.013,1.014,1.015,1.018,1.022,1.024,1.026,1.028,162,-486.379,-490.078,-493.416,-496.951,-508.928,-519.952,-523.008,-525.91,-528.493,162
"3","cor",8,1,2,1,100,2,2,0,6,4,"ACE",955.038,965.124,972.232,979.89,1005.435,1030.425,1036.7,1042.76,1050.275,111,954.517,964.604,971.711,979.369,1004.914,1029.904,1036.179,1042.239,1049.754,111,967.711,977.797,984.905,992.562,1018.107,1043.098,1049.372,1055.433,1062.947,111,1,1,1,1,1,1,1,1,1,111,2,2,2,2,2,2,2,2,2,111,0,0,0,0,0,0,0,0,0,111,89.356,96.822,102.921,109.223,134.21,159.762,167.327,174.395,184.382,111,6,6,6,6,6,6,6,6,6,111,1,1,1,1,1,1,1,1,1,111,0,0,0,0,0,0,0,0,0.027,111,-473.259,-478.302,-481.856,-485.684,-498.457,-510.952,-514.09,-517.12,-520.877,111,0,0,0,0,0,0,0,0,0,111,0,0,0,0,0,0,0,0,0,111,0,0,0,0,0,0,0,0,0,111,1,1,1,1,1,1,1,1,1,111,0,0,0,0,0,0,0,0,0.002,111,1.011,1.012,1.012,1.013,1.015,1.019,1.02,1.021,1.023,111,-473.259,-478.302,-481.856,-485.673,-498.456,-510.952,-514.09,-517.12,-520.877,111
"4","cor",9,2,2,1,100,2,2,0,6,4,"ACE",941.795,949.744,956.076,964.167,990.968,1016.924,1023.217,1029.174,1036.798,14,941.275,949.223,955.555,963.646,990.447,1016.403,1022.697,1028.653,1036.277,14,954.468,962.417,968.748,976.839,1003.64,1029.597,1035.89,1041.846,1049.471,14,1,1,1,1,1,1,1,1,1,14,2,2,2,2,2,2,2,2,2,14,0,0,0,0,0,0,0,0,0,14,102.816,110.416,116.396,122.725,148.684,175.482,183.547,189.817,197.648,14,6,6,6,6,6,6,6,6,6,14,1,1,1,1,1,1,1,1,1,14,0,0,0,0,0,0,0,0,0,14,-466.637,-470.612,-473.777,-477.823,-491.223,-504.202,-507.348,-510.326,-514.139,14,0,0,0,0,0,0,0,0,0,14,0,0,0,0,0,0,0,0,0,14,0,0,0,0,0,0,0,0,0,14,1,1,1,1,1,1,1,1,1,14,0,0,0,0,0,0,0,0,0,14,1.01,1.011,1.011,1.012,1.014,1.017,1.017,1.018,1.02,14,-466.637,-470.612,-473.777,-477.823,-491.223,-504.202,-507.348,-510.326,-514.139,14
"5","cor",14,1,1,2,100,2,2,0,6,4,"ACE",1058.187,1065.184,1071.05,1076.461,1094.068,1109.212,1112.717,1115.863,1119.696,524,1057.666,1064.663,1070.529,1075.94,1093.548,1108.691,1112.196,1115.342,1119.175,524,1070.86,1077.856,1083.722,1089.134,1106.741,1121.885,1125.389,1128.535,1132.368,524,1,1,1,1,1,1,1,1,1,524,2,2,2,2,2,2,2,2,2,524,0,0,0,0,0,0,0,0,0,524,20.029,23.789,26.965,30.475,45.643,63.199,68.602,74.395,81.184,524,6,6,6,6,6,6,6,6,6,524,0.9808,0.9984,0.9999,1,1,1,1,1,1,524,0,0,0,0,0,0.012,0.145,0.443,1.082,524,-524.833,-528.332,-531.265,-533.97,-542.774,-550.346,-552.098,-553.671,-555.587,524,0,0,0,0,0,0,0,0,0,524,0,0,0,0,0,0,0,0,0,524,0,0,0,0,0,0,0,0,0,524,0.99,0.999,1,1,1,1,1,1,1,524,0,0,0,0,0,0.003,0.01,0.017,0.028,524,1.024,1.027,1.029,1.032,1.046,1.069,1.079,1.091,1.109,524,-524.833,-528.332,-531.177,-533.956,-542.744,-550.323,-552.034,-553.648,-555.521,524
"6","cor",15,2,1,2,100,2,2,0,6,4,"ACE",1038.801,1044.989,1050.299,1056.074,1075.801,1094.117,1098.312,1101.915,1106.713,357,1038.281,1044.469,1049.779,1055.553,1075.28,1093.596,1097.791,1101.395,1106.192,357,1051.474,1057.662,1062.972,1068.746,1088.473,1106.789,1110.984,1114.588,1119.385,357,1,1,1,1,1,1,1,1,1,357,2,2,2,2,2,2,2,2,2,357,0,0,0,0,0,0,0,0,0,357,32.939,37.736,41.347,45.595,63.87,83.577,89.356,94.594,100.84,357,6,6,6,6,6,6,6,6,6,357,0.9904,0.9995,1,1,1,1,1,1,1,357,0,0,0,0,0,0,0.073,0.293,0.85,357,-515.14,-518.234,-520.889,-523.777,-533.64,-542.798,-544.896,-546.697,-549.096,357,0,0,0,0,0,0,0,0,0,357,0,0,0,0,0,0,0,0,0,357,0,0,0,0,0,0,0,0,0,357,0.995,1,1,1,1,1,1,1,1,357,0,0,0,0,0,0.001,0.007,0.015,0.026,357,1.02,1.021,1.023,1.024,1.032,1.046,1.051,1.056,1.063,357,-515.14,-518.234,-520.887,-523.777,-533.63,-542.761,-544.878,-546.672,-548.975,357
"7","cor",17,1,2,2,100,2,2,0,6,4,"ACE",1024.933,1031.053,1036.622,1043.411,1064.759,1084.127,1089.273,1093.8,1098.07,435,1024.413,1030.532,1036.101,1042.89,1064.238,1083.606,1088.752,1093.279,1097.549,435,1037.606,1043.726,1049.294,1056.083,1077.432,1096.799,1101.945,1106.472,1110.742,435,1,1,1,1,1,1,1,1,1,435,2,2,2,2,2,2,2,2,2,435,0,0,0,0,0,0,0,0,0,435,41.582,45.852,50.328,55.488,74.935,96.235,103.001,108.598,114.689,435,6,6,6,6,6,6,6,6,6,435,0.9938,0.9996,1,1,1,1,1,1,1,435,0,0,0,0,0,0,0.045,0.269,0.72,435,-508.206,-511.266,-514.051,-517.445,-528.119,-537.803,-540.376,-542.639,-544.774,435,0,0,0,0,0,0,0,0,0,435,0,0,0,0,0,0,0,0,0,435,0,0,0,0,0,0,0,0,0,435,0.997,1,1,1,1,1,1,1,1,435,0,0,0,0,0,0,0.004,0.01,0.016,435,1.017,1.018,1.02,1.021,1.027,1.037,1.041,1.045,1.05,435,-508.206,-511.264,-514.051,-517.44,-528.089,-537.801,-540.376,-542.624,-544.769,435
"8","cor",18,2,2,2,100,2,2,0,6,4,"ACE",1008.31,1015.542,1021.242,1028.147,1050.645,1071.388,1076.533,1081.242,1086.781,137,1007.789,1015.021,1020.721,1027.626,1050.124,1070.867,1076.013,1080.721,1086.26,137,1020.982,1028.214,1033.914,1040.82,1063.318,1084.06,1089.206,1093.914,1099.453,137,1,1,1,1,1,1,1,1,1,137,2,2,2,2,2,2,2,2,2,137,0,0,0,0,0,0,0,0,0,137,52.849,58.39,63.118,68.264,89.006,111.494,118.351,124.082,131.223,137,6,6,6,6,6,6,6,6,6,137,1,1,1,1,1,1,1,1,1,137,0,0,0,0,0,0,0,0.005,0.12,137,-499.895,-503.51,-506.36,-509.813,-521.062,-531.433,-534.006,-536.361,-539.13,137,0,0,0,0,0,0,0,0,0,137,0,0,0,0,0,0,0,0,0,137,0,0,0,0,0,0,0,0,0,137,1,1,1,1,1,1,1,1,1,137,0,0,0,0,0,0,0,0.002,0.009,137,1.015,1.016,1.017,1.018,1.023,1.03,1.033,1.035,1.039,137,-499.895,-503.51,-506.36,-509.813,-521.062,-531.41,-533.984,-536.361,-539.13,137
"9","cor",23,1,1,1,250,2,2,0,6,4,"ACE",2560.741,2570.608,2580.385,2590.957,2625.343,2658.055,2667.308,2675.279,2684.661,10,2556.578,2566.446,2576.223,2586.795,2621.181,2653.893,2663.145,2671.117,2680.498,10,2573.437,2583.304,2593.081,2603.653,2638.039,2670.751,2680.004,2687.975,2697.357,10,1,1,1,1,1,1,1,1,1,10,2,2,2,2,2,2,2,2,2,10,0,0,0,0,0,0,0,0,0,10,161.341,170.563,178.662,187.949,220.671,255.05,265.608,275.333,284.947,10,6,6,6,6,6,6,6,6,6,10,1,1,1,1,1,1,1,1,1,10,0,0,0,0,0,0,0,0,0,10,-1274.289,-1279.223,-1284.111,-1289.397,-1306.59,-1322.947,-1327.573,-1331.558,-1336.249,10,0,0,0,0,0,0,0,0,0,10,0,0,0,0,0,0,0,0,0,10,0,0,0,0,0,0,0,0,0,10,1,1,1,1,1,1,1,1,1,10,0,0,0,0,0,0,0,0,0,10,1.007,1.007,1.008,1.008,1.009,1.011,1.011,1.012,1.013,10,-1274.289,-1279.223,-1284.111,-1289.397,-1306.59,-1322.947,-1327.573,-1331.558,-1336.249,10
"10","cor",24,2,1,1,250,2,2,0,6,4,"ACE",2497.476,2509.571,2518.629,2529.757,2566.365,2601.718,2611.731,2620.702,2630.371,11,2493.313,2505.409,2514.467,2525.595,2562.202,2597.556,2607.568,2616.54,2626.209,11,2510.172,2522.267,2531.325,2542.453,2579.061,2614.415,2624.427,2633.398,2643.067,11,1,1,1,1,1,1,1,1,1,11,2,2,2,2,2,2,2,2,2,11,0,0,0,0,0,0,0,0,0,11,215.463,225.318,234.251,244.268,279.631,316.192,327.385,336.418,347.327,11,6,6,6,6,6,6,6,6,6,11,1,1,1,1,1,1,1,1,1,11,0,0,0,0,0,0,0,0,0,11,-1242.657,-1248.704,-1253.234,-1258.797,-1277.101,-1294.778,-1299.784,-1304.27,-1309.104,11,0,0,0,0,0,0,0,0,0,11,0,0,0,0,0,0,0,0,0,11,0,0,0,0,0,0,0,0,0,11,1,1,1,1,1,1,1,1,1,11,0,0,0,0,0,0,0,0,0,11,1.006,1.006,1.006,1.006,1.007,1.008,1.009,1.009,1.009,11,-1242.657,-1248.704,-1253.234,-1258.797,-1277.101,-1294.778,-1299.784,-1304.27,-1309.104,11
"11","cor",26,1,2,1,250,2,2,0,6,4,"ACE",2438.942,2451.093,2462.049,2473.444,2514.083,2551.963,2562.397,2570.617,2579.584,8,2434.78,2446.931,2457.887,2469.282,2509.921,2547.8,2558.235,2566.455,2575.422,8,2451.638,2463.79,2474.745,2486.141,2526.78,2564.659,2575.093,2583.314,2592.28,8,1,1,1,1,1,1,1,1,1,8,2,2,2,2,2,2,2,2,2,8,0,0,0,0,0,0,0,0,0,8,266.359,275.273,283.524,294.054,331.937,372.586,383.915,394.804,406.98,8,6,6,6,6,6,6,6,6,6,8,1,1,1,1,1,1,1,1,1,8,0,0,0,0,0,0,0,0,0,8,-1213.39,-1219.466,-1224.943,-1230.641,-1250.961,-1269.9,-1275.117,-1279.228,-1283.711,8,0,0,0,0,0,0,0,0,0,8,0,0,0,0,0,0,0,0,0,8,0,0,0,0,0,0,0,0,0,8,1,1,1,1,1,1,1,1,1,8,0,0,0,0,0,0,0,0,0,8,1.005,1.005,1.005,1.005,1.006,1.007,1.007,1.007,1.008,8,-1213.39,-1219.466,-1224.943,-1230.641,-1250.961,-1269.9,-1275.117,-1279.228,-1283.711,8
"12","cor",27,2,2,1,250,2,2,0,6,4,"ACE",2399.029,2411.827,2423.06,2434.636,2477.672,2516.838,2528.106,2537.432,2547.85,0,2394.866,2407.664,2418.898,2430.473,2473.509,2512.675,2523.944,2533.27,2543.688,0,2411.725,2424.523,2435.756,2447.332,2490.368,2529.534,2540.802,2550.128,2560.546,0,1,1,1,1,1,1,1,1,1,0,2,2,2,2,2,2,2,2,2,0,0,0,0,0,0,0,0,0,0,0,298.037,308.538,317.881,329.17,368.312,411.357,422.965,434.186,446.011,0,6,6,6,6,6,6,6,6,6,0,1,1,1,1,1,1,1,1,1,0,0,0,0,0,0,0,0,0,0,0,-1193.433,-1199.832,-1205.449,-1211.237,-1232.755,-1252.338,-1257.972,-1262.635,-1267.844,0,0,0,0,0,0,0,0,0,0,0,0,0,0,0,0,0,0,0,0,0,0,0,0,0,0,0,0,0,0,0,1,1,1,1,1,1,1,1,1,0,0,0,0,0,0,0,0,0,0,0,1.004,1.005,1.005,1.005,1.005,1.006,1.006,1.007,1.007,0,-1193.433,-1199.832,-1205.449,-1211.237,-1232.755,-1252.338,-1257.972,-1262.635,-1267.844,0
"13","cor",32,1,1,2,250,2,2,0,6,4,"ACE",2685.338,2693.823,2700.958,2708.923,2735.46,2758.947,2765.355,2770.703,2776.136,119,2681.176,2689.66,2696.796,2704.761,2731.297,2754.785,2761.193,2766.54,2771.974,119,2698.034,2706.519,2713.654,2721.62,2748.156,2771.643,2778.052,2783.399,2788.832,119,1,1,1,1,1,1,1,1,1,119,2,2,2,2,2,2,2,2,2,119,0,0,0,0,0,0,0,0,0,119,69.61,75.199,80.676,87.084,110.554,137.064,145.073,151.991,160.595,119,6,6,6,6,6,6,6,6,6,119,0.9999,1,1,1,1,1,1,1,1,119,0,0,0,0,0,0,0,0.018,0.165,119,-1336.588,-1340.83,-1344.398,-1348.381,-1361.649,-1373.393,-1376.597,-1379.27,-1381.987,119,0,0,0,0,0,0,0,0,0,119,0,0,0,0,0,0,0,0,0,119,0,0,0,0,0,0,0,0,0,119,1,1,1,1,1,1,1,1,1,119,0,0,0,0,0,0,0,0.002,0.007,119,1.013,1.013,1.014,1.015,1.018,1.023,1.025,1.027,1.029,119,-1336.588,-1340.83,-1344.398,-1348.381,-1361.649,-1373.381,-1376.576,-1379.266,-1381.987,119
"14","cor",33,2,1,2,250,2,2,0,6,4,"ACE",2632.487,2642.378,2649.371,2658.94,2689.265,2717.541,2723.934,2730.644,2738.327,66,2628.325,2638.216,2645.209,2654.778,2685.103,2713.379,2719.771,2726.482,2734.165,66,2645.183,2655.074,2662.068,2671.637,2701.961,2730.238,2736.63,2743.341,2751.023,66,1,1,1,1,1,1,1,1,1,66,2,2,2,2,2,2,2,2,2,66,0,0,0,0,0,0,0,0,0,66,107.682,115.387,122.098,128.49,156.759,187.089,196.636,203.414,213.294,66,6,6,6,6,6,6,6,6,6,66,0.9999,1,1,1,1,1,1,1,1,66,0,0,0,0,0,0,0,0.005,0.15,66,-1310.162,-1315.108,-1318.605,-1323.389,-1338.551,-1352.69,-1355.886,-1359.241,-1363.082,66,0,0,0,0,0,0,0,0,0,66,0,0,0,0,0,0,0,0,0,66,0,0,0,0,0,0,0,0,0,66,1,1,1,1,1,1,1,1,1,66,0,0,0,0,0,0,0,0.001,0.007,66,1.009,1.01,1.01,1.011,1.013,1.016,1.017,1.018,1.019,66,-1310.162,-1315.108,-1318.605,-1323.389,-1338.551,-1352.688,-1355.875,-1359.185,-1363.082,66
"15","cor",35,1,2,2,250,2,2,0,6,4,"ACE",2601.685,2611.696,2620.248,2629.194,2661.748,2691.717,2699.884,2706.715,2714.219,91,2597.523,2607.533,2616.086,2625.032,2657.586,2687.555,2695.721,2702.553,2710.057,91,2614.382,2624.392,2632.945,2641.89,2674.444,2704.413,2712.58,2719.411,2726.915,91,1,1,1,1,1,1,1,1,1,91,2,2,2,2,2,2,2,2,2,91,0,0,0,0,0,0,0,0,0,91,131.58,139.261,146.13,154.297,184.275,216.826,225.783,234.122,244.315,91,6,6,6,6,6,6,6,6,6,91,0.9998,1,1,1,1,1,1,1,1,91,0,0,0,0,0,0,0,0.01,0.211,91,-1294.762,-1299.767,-1304.043,-1308.516,-1324.793,-1339.777,-1343.861,-1347.276,-1351.028,91,0,0,0,0,0,0,0,0,0,91,0,0,0,0,0,0,0,0,0,91,0,0,0,0,0,0,0,0,0,91,1,1,1,1,1,1,1,1,1,91,0,0,0,0,0,0,0,0.001,0.006,91,1.008,1.009,1.009,1.009,1.011,1.013,1.014,1.015,1.015,91,-1294.762,-1299.767,-1304.02,-1308.516,-1324.793,-1339.777,-1343.861,-1347.276,-1351.028,91
"16","cor",36,2,2,2,250,2,2,0,6,4,"ACE",2559.048,2571.369,2580.611,2590.822,2626.249,2659.29,2668.678,2675.467,2684.424,5,2554.886,2567.207,2576.449,2586.659,2622.087,2655.128,2664.516,2671.305,2680.262,5,2571.744,2584.065,2593.307,2603.518,2638.946,2671.986,2681.374,2688.163,2697.12,5,1,1,1,1,1,1,1,1,1,5,2,2,2,2,2,2,2,2,2,5,0,0,0,0,0,0,0,0,0,5,161.57,170.385,177.239,186.741,219.782,255.21,265.407,274.656,286.744,5,6,6,6,6,6,6,6,6,6,5,1,1,1,1,1,1,1,1,1,5,0,0,0,0,0,0,0,0,0,5,-1273.443,-1279.603,-1284.224,-1289.33,-1307.044,-1323.564,-1328.258,-1331.652,-1336.131,5,0,0,0,0,0,0,0,0,0,5,0,0,0,0,0,0,0,0,0,5,0,0,0,0,0,0,0,0,0,5,1,1,1,1,1,1,1,1,1,5,0,0,0,0,0,0,0,0,0,5,1.007,1.007,1.008,1.008,1.009,1.011,1.011,1.012,1.013,5,-1273.443,-1279.603,-1284.224,-1289.33,-1307.044,-1323.564,-1328.258,-1331.652,-1336.131,5
"17","cor",41,1,1,1,500,2,2,0,6,4,"ACE",5155.974,5172.208,5184.795,5198.514,5247.765,5294.775,5308.552,5318.769,5331.86,1,5149.047,5165.281,5177.868,5191.587,5240.838,5287.848,5301.626,5311.842,5324.933,1,5168.678,5184.912,5197.499,5211.218,5260.469,5307.479,5321.257,5331.473,5344.564,1,1,1,1,1,1,1,1,1,1,1,2,2,2,2,2,2,2,2,2,1,0,0,0,0,0,0,0,0,0,1,354.637,367.885,377.965,391.89,438.912,488.151,501.818,514.196,529.751,1,6,6,6,6,6,6,6,6,6,1,1,1,1,1,1,1,1,1,1,1,0,0,0,0,0,0,0,0,0,1,-2570.523,-2578.641,-2584.934,-2591.793,-2616.419,-2639.924,-2646.813,-2651.921,-2658.466,1,0,0,0,0,0,0,0,0,0,1,0,0,0,0,0,0,0,0,0,1,0,0,0,0,0,0,0,0,0,1,1,1,1,1,1,1,1,1,1,1,0,0,0,0,0,0,0,0,0,1,1.004,1.004,1.004,1.004,1.005,1.005,1.005,1.005,1.006,1,-2570.523,-2578.641,-2584.934,-2591.793,-2616.419,-2639.924,-2646.813,-2651.921,-2658.466,1
"18","cor",42,2,1,1,500,2,2,0,6,4,"ACE",5031.265,5045.652,5060.966,5075.945,5127.979,5178.086,5193.675,5204.947,5219.395,0,5024.338,5038.725,5054.039,5069.019,5121.052,5171.16,5186.748,5198.02,5212.468,0,5043.969,5058.356,5073.67,5088.65,5140.683,5190.791,5206.379,5217.651,5232.099,0,1,1,1,1,1,1,1,1,1,0,2,2,2,2,2,2,2,2,2,0,0,0,0,0,0,0,0,0,0,0,467.072,481.715,492.949,508.571,558.692,610.721,625.643,640.991,655.235,0,6,6,6,6,6,6,6,6,6,0,1,1,1,1,1,1,1,1,1,0,0,0,0,0,0,0,0,0,0,0,-2508.169,-2515.363,-2523.019,-2530.509,-2556.526,-2581.58,-2589.374,-2595.01,-2602.234,0,0,0,0,0,0,0,0,0,0,0,0,0,0,0,0,0,0,0,0,0,0,0,0,0,0,0,0,0,0,0,1,1,1,1,1,1,1,1,1,0,0,0,0,0,0,0,0,0,0,0,1.003,1.003,1.003,1.003,1.004,1.004,1.004,1.004,1.004,0,-2508.169,-2515.363,-2523.019,-2530.509,-2556.526,-2581.58,-2589.374,-2595.01,-2602.234,0
"19","cor",44,1,2,1,500,2,2,0,6,4,"ACE",4918.355,4938.586,4951.34,4966.913,5023.627,5078.699,5095.147,5107.777,5122.279,0,4911.428,4931.66,4944.413,4959.986,5016.7,5071.772,5088.22,5100.85,5115.352,0,4931.059,4951.291,4964.044,4979.617,5036.331,5091.403,5107.851,5120.481,5134.984,0,1,1,1,1,1,1,1,1,1,0,2,2,2,2,2,2,2,2,2,0,0,0,0,0,0,0,0,0,0,0,564.345,578.872,591.366,607.913,663.041,719.756,735.218,748.05,768.242,0,6,6,6,6,6,6,6,6,6,0,1,1,1,1,1,1,1,1,1,0,0,0,0,0,0,0,0,0,0,0,-2451.714,-2461.83,-2468.207,-2475.993,-2504.35,-2531.886,-2540.11,-2546.425,-2553.676,0,0,0,0,0,0,0,0,0,0,0,0,0,0,0,0,0,0,0,0,0,0,0,0,0,0,0,0,0,0,0,1,1,1,1,1,1,1,1,1,0,0,0,0,0,0,0,0,0,0,0,1.003,1.003,1.003,1.003,1.003,1.003,1.003,1.003,1.004,0,-2451.714,-2461.83,-2468.207,-2475.993,-2504.35,-2531.886,-2540.11,-2546.425,-2553.676,0
"20","cor",45,2,2,1,500,2,2,0,6,4,"ACE",4846.522,4859.802,4874.684,4891.894,4951.56,5008.414,5024.006,5038.833,5055.707,0,4839.595,4852.875,4867.757,4884.967,4944.634,5001.487,5017.08,5031.906,5048.781,0,4859.226,4872.506,4887.388,4904.598,4964.265,5021.118,5036.711,5051.537,5068.412,0,1,1,1,1,1,1,1,1,1,0,2,2,2,2,2,2,2,2,2,0,0,0,0,0,0,0,0,0,0,0,630.643,647.792,662.567,678.185,735.104,794.742,811.986,826.145,839.937,0,6,6,6,6,6,6,6,6,6,0,1,1,1,1,1,1,1,1,1,0,0,0,0,0,0,0,0,0,0,0,-2415.797,-2422.438,-2429.879,-2438.484,-2468.317,-2496.744,-2504.54,-2511.953,-2520.39,0,0,0,0,0,0,0,0,0,0,0,0,0,0,0,0,0,0,0,0,0,0,0,0,0,0,0,0,0,0,0,1,1,1,1,1,1,1,1,1,0,0,0,0,0,0,0,0,0,0,0,1.002,1.002,1.002,1.003,1.003,1.003,1.003,1.003,1.003,0,-2415.797,-2422.438,-2429.879,-2438.483,-2468.317,-2496.744,-2504.54,-2511.953,-2520.39,0
"21","cor",50,1,1,2,500,2,2,0,6,4,"ACE",5396.357,5407.709,5417.3,5429.207,5465.596,5499.243,5509.224,5518.512,5529.619,4,5389.43,5400.782,5410.373,5422.28,5458.669,5492.317,5502.297,5511.585,5522.692,4,5409.061,5420.414,5430.005,5441.911,5478.3,5511.948,5521.928,5531.216,5542.323,4,1,1,1,1,1,1,1,1,1,4,2,2,2,2,2,2,2,2,2,4,0,0,0,0,0,0,0,0,0,4,156.772,168.079,177.386,187.43,221.063,257.462,269.268,278.513,290.307,4,6,6,6,6,6,6,6,6,6,4,1,1,1,1,1,1,1,1,1,4,0,0,0,0,0,0,0,0,0,4,-2690.715,-2696.391,-2701.187,-2707.14,-2725.335,-2742.158,-2747.149,-2751.793,-2757.346,4,0,0,0,0,0,0,0,0,0,4,0,0,0,0,0,0,0,0,0,4,0,0,0,0,0,0,0,0,0,4,1,1,1,1,1,1,1,1,1,4,0,0,0,0,0,0,0,0,0,4,1.007,1.007,1.007,1.008,1.009,1.011,1.011,1.012,1.013,4,-2690.715,-2696.391,-2701.187,-2707.14,-2725.335,-2742.158,-2747.149,-2751.793,-2757.346,4
"22","cor",51,2,1,2,500,2,2,0,6,4,"ACE",5297.342,5309.71,5319.647,5331.851,5374.63,5416.029,5426.545,5436.089,5446.208,12,5290.415,5302.783,5312.72,5324.924,5367.703,5409.102,5419.619,5429.162,5439.281,12,5310.046,5322.414,5332.351,5344.555,5387.334,5428.733,5439.25,5448.793,5458.912,12,1,1,1,1,1,1,1,1,1,12,2,2,2,2,2,2,2,2,2,12,0,0,0,0,0,0,0,0,0,12,239.683,250.511,260.131,270.588,312.04,354.818,366.812,376.909,389.059,12,6,6,6,6,6,6,6,6,6,12,1,1,1,1,1,1,1,1,1,12,0,0,0,0,0,0,0,0,0,12,-2641.208,-2647.391,-2652.36,-2658.462,-2679.851,-2700.551,-2705.809,-2710.581,-2715.641,12,0,0,0,0,0,0,0,0,0,12,0,0,0,0,0,0,0,0,0,12,0,0,0,0,0,0,0,0,0,12,1,1,1,1,1,1,1,1,1,12,0,0,0,0,0,0,0,0,0,12,1.005,1.005,1.005,1.006,1.006,1.007,1.008,1.008,1.008,12,-2641.208,-2647.391,-2652.36,-2658.462,-2679.851,-2700.551,-2705.809,-2710.581,-2715.641,12
"23","cor",53,1,2,2,500,2,2,0,6,4,"ACE",5229.842,5246.861,5260.384,5273.161,5318.926,5362.738,5375.721,5385.723,5398.428,12,5222.915,5239.934,5253.457,5266.234,5311.999,5355.811,5368.794,5378.797,5391.501,12,5242.546,5259.565,5273.088,5285.865,5331.63,5375.442,5388.425,5398.428,5411.132,12,1,1,1,1,1,1,1,1,1,12,2,2,2,2,2,2,2,2,2,12,0,0,0,0,0,0,0,0,0,12,287.934,300.954,310.709,323.928,367.7,413.503,426.255,439.497,456.729,12,6,6,6,6,6,6,6,6,6,12,1,1,1,1,1,1,1,1,1,12,0,0,0,0,0,0,0,0,0,12,-2607.458,-2615.967,-2622.728,-2629.117,-2652,-2673.905,-2680.397,-2685.398,-2691.751,12,0,0,0,0,0,0,0,0,0,12,0,0,0,0,0,0,0,0,0,12,0,0,0,0,0,0,0,0,0,12,1,1,1,1,1,1,1,1,1,12,0,0,0,0,0,0,0,0,0,12,1.004,1.005,1.005,1.005,1.005,1.006,1.006,1.007,1.007,12,-2607.458,-2615.967,-2622.728,-2629.117,-2652,-2673.905,-2680.397,-2685.307,-2691.751,12
"24","cor",54,2,2,2,500,2,2,0,6,4,"ACE",5156.797,5170.7,5184.391,5197.719,5247.797,5292.56,5305.849,5316.999,5330.833,0,5149.87,5163.773,5177.464,5190.792,5240.87,5285.633,5298.923,5310.072,5323.906,0,5169.501,5183.404,5197.095,5210.423,5260.501,5305.264,5318.554,5329.703,5343.537,0,1,1,1,1,1,1,1,1,1,0,2,2,2,2,2,2,2,2,2,0,0,0,0,0,0,0,0,0,0,0,355.226,369.631,380.667,394.094,438.86,488.862,502.165,515.904,529.628,0,6,6,6,6,6,6,6,6,6,0,1,1,1,1,1,1,1,1,1,0,0,0,0,0,0,0,0,0,0,0,-2570.935,-2577.887,-2584.732,-2591.396,-2616.435,-2638.816,-2645.461,-2651.036,-2657.953,0,0,0,0,0,0,0,0,0,0,0,0,0,0,0,0,0,0,0,0,0,0,0,0,0,0,0,0,0,0,0,1,1,1,1,1,1,1,1,1,0,0,0,0,0,0,0,0,0,0,0,1.004,1.004,1.004,1.004,1.005,1.005,1.005,1.005,1.006,0,-2570.935,-2577.887,-2584.732,-2591.396,-2616.435,-2638.816,-2645.461,-2651.036,-2657.953,0
"25","cor",59,1,1,1,1000,2,2,0,6,4,"ACE",10365.6,10384.03,10398.8,10420.05,10487.86,10557.02,10576.56,10592.92,10607.39,0,10355.91,10374.34,10389.1,10410.35,10478.16,10547.33,10566.86,10583.22,10597.69,0,10378.31,10396.74,10411.5,10432.75,10500.57,10569.73,10589.27,10605.62,10620.1,0,1,1,1,1,1,1,1,1,1,0,2,2,2,2,2,2,2,2,2,0,0,0,0,0,0,0,0,0,0,0,757.766,772.157,788.241,808.143,877.271,945.154,966.318,980.98,999.563,0,6,6,6,6,6,6,6,6,6,0,1,1,1,1,1,1,1,1,1,0,0,0,0,0,0,0,0,0,0,0,-5173.953,-5183.169,-5190.55,-5201.175,-5235.081,-5269.665,-5279.433,-5287.61,-5294.847,0,0,0,0,0,0,0,0,0,0,0,0,0,0,0,0,0,0,0,0,0,0,0,0,0,0,0,0,0,0,0,1,1,1,1,1,1,1,1,1,0,0,0,0,0,0,0,0,0,0,0,1.002,1.002,1.002,1.002,1.002,1.002,1.003,1.003,1.003,0,-5173.953,-5183.169,-5190.55,-5201.175,-5235.081,-5269.665,-5279.433,-5287.61,-5294.847,0
"26","cor",60,2,1,1,1000,2,2,0,6,4,"ACE",10112.78,10137.33,10155.45,10175.6,10250.83,10322.12,10340.75,10359.9,10380.59,0,10103.082,10127.631,10145.757,10165.904,10241.135,10312.428,10331.056,10350.205,10370.898,0,10125.49,10150.03,10168.16,10188.31,10263.54,10334.83,10353.46,10372.61,10393.3,0,1,1,1,1,1,1,1,1,1,0,2,2,2,2,2,2,2,2,2,0,0,0,0,0,0,0,0,0,0,0,983.547,1005.045,1024.303,1043.037,1114.319,1189.556,1209.652,1227.828,1252.202,0,6,6,6,6,6,6,6,6,6,0,1,1,1,1,1,1,1,1,1,0,0,0,0,0,0,0,0,0,0,0,-5047.541,-5059.816,-5068.879,-5078.952,-5116.567,-5152.214,-5161.528,-5171.103,-5181.449,0,0,0,0,0,0,0,0,0,0,0,0,0,0,0,0,0,0,0,0,0,0,0,0,0,0,0,0,0,0,0,1,1,1,1,1,1,1,1,1,0,0,0,0,0,0,0,0,0,0,0,1.002,1.002,1.002,1.002,1.002,1.002,1.002,1.002,1.002,0,-5047.541,-5059.816,-5068.879,-5078.952,-5116.567,-5152.214,-5161.528,-5171.103,-5181.449,0
"27","cor",62,1,2,1,1000,2,2,0,6,4,"ACE",9896.123,9919.663,9937.124,9960.75,10041.594,10119.779,10142.851,10161.094,10182.356,0,9886.428,9909.967,9927.429,9951.054,10031.898,10110.083,10133.156,10151.399,10172.661,0,9908.831,9932.371,9949.833,9973.458,10054.302,10132.487,10155.559,10173.803,10195.064,0,1,1,1,1,1,1,1,1,1,0,2,2,2,2,2,2,2,2,2,0,0,0,0,0,0,0,0,0,0,0,1182.637,1203.944,1222.077,1245.308,1323.573,1404.45,1427.968,1445.406,1469.069,0,6,6,6,6,6,6,6,6,6,0,1,1,1,1,1,1,1,1,1,0,0,0,0,0,0,0,0,0,0,0,-4939.214,-4950.984,-4959.715,-4971.527,-5011.949,-5051.042,-5062.578,-5071.7,-5082.33,0,0,0,0,0,0,0,0,0,0,0,0,0,0,0,0,0,0,0,0,0,0,0,0,0,0,0,0,0,0,0,1,1,1,1,1,1,1,1,1,0,0,0,0,0,0,0,0,0,0,0,1.001,1.001,1.001,1.001,1.002,1.002,1.002,1.002,1.002,0,-4939.214,-4950.984,-4959.715,-4971.527,-5011.949,-5051.042,-5062.578,-5071.7,-5082.33,0
"28","cor",63,2,2,1,1000,2,2,0,6,4,"ACE",9747.631,9770.152,9787.558,9812.784,9895.225,9973.163,9994.191,10015.266,10033.348,0,9737.935,9760.457,9777.862,9803.089,9885.529,9963.468,9984.496,10005.57,10023.652,0,9760.339,9782.861,9800.266,9825.492,9907.933,9985.872,10006.899,10027.974,10046.056,0,1,1,1,1,1,1,1,1,1,0,2,2,2,2,2,2,2,2,2,0,0,0,0,0,0,0,0,0,0,0,1331.463,1349.905,1370.878,1392.006,1469.959,1552.396,1577.603,1594.951,1617.305,0,6,6,6,6,6,6,6,6,6,0,1,1,1,1,1,1,1,1,1,0,0,0,0,0,0,0,0,0,0,0,-4864.968,-4876.229,-4884.931,-4897.544,-4938.765,-4977.734,-4988.248,-4998.785,-5007.826,0,0,0,0,0,0,0,0,0,0,0,0,0,0,0,0,0,0,0,0,0,0,0,0,0,0,0,0,0,0,0,1,1,1,1,1,1,1,1,1,0,0,0,0,0,0,0,0,0,0,0,1.001,1.001,1.001,1.001,1.001,1.001,1.001,1.001,1.002,0,-4864.968,-4876.229,-4884.931,-4897.544,-4938.765,-4977.734,-4988.248,-4998.785,-5007.826,0
"29","cor",68,1,1,2,1000,2,2,0,6,4,"ACE",10831.71,10847.33,10858.06,10873.52,10924.23,10973.83,10986.42,10997.46,11011.48,0,10822.01,10837.63,10848.36,10863.83,10914.53,10964.13,10976.72,10987.76,11001.79,0,10844.42,10860.03,10870.76,10886.23,10936.94,10986.53,10999.12,11010.17,11024.19,0,1,1,1,1,1,1,1,1,1,0,2,2,2,2,2,2,2,2,2,0,0,0,0,0,0,0,0,0,0,0,352.98,367.721,378.633,391.32,440.969,491.533,507.116,517.791,533.478,0,6,6,6,6,6,6,6,6,6,0,1,1,1,1,1,1,1,1,1,0,0,0,0,0,0,0,0,0,0,0,-5407.007,-5414.815,-5420.18,-5427.913,-5453.267,-5478.066,-5484.36,-5489.882,-5496.893,0,0,0,0,0,0,0,0,0,0,0,0,0,0,0,0,0,0,0,0,0,0,0,0,0,0,0,0,0,0,0,1,1,1,1,1,1,1,1,1,0,0,0,0,0,0,0,0,0,0,0,1.004,1.004,1.004,1.004,1.005,1.005,1.005,1.005,1.006,0,-5407.007,-5414.815,-5420.18,-5427.913,-5453.267,-5478.066,-5484.36,-5489.882,-5496.893,0
"30","cor",69,2,1,2,1000,2,2,0,6,4,"ACE",10630.66,10649.32,10665.75,10682.9,10743.84,10800.27,10815.22,10827.15,10844.47,0,10620.97,10639.63,10656.06,10673.2,10734.15,10790.57,10805.52,10817.45,10834.77,0,10643.37,10662.03,10678.46,10695.6,10756.55,10812.98,10827.93,10839.85,10857.18,0,1,1,1,1,1,1,1,1,1,0,2,2,2,2,2,2,2,2,2,0,0,0,0,0,0,0,0,0,0,0,520.248,538.028,549.966,564.93,621.347,682.102,699.41,715.542,734.092,0,6,6,6,6,6,6,6,6,6,0,1,1,1,1,1,1,1,1,1,0,0,0,0,0,0,0,0,0,0,0,-5306.483,-5315.814,-5324.03,-5332.6,-5363.074,-5391.286,-5398.762,-5404.725,-5413.386,0,0,0,0,0,0,0,0,0,0,0,0,0,0,0,0,0,0,0,0,0,0,0,0,0,0,0,0,0,0,0,1,1,1,1,1,1,1,1,1,0,0,0,0,0,0,0,0,0,0,0,1.003,1.003,1.003,1.003,1.003,1.004,1.004,1.004,1.004,0,-5306.483,-5315.814,-5324.03,-5332.6,-5363.074,-5391.286,-5398.762,-5404.725,-5413.386,0
"31","cor",71,1,2,2,1000,2,2,0,6,4,"ACE",10510.09,10531.48,10546.57,10564.99,10629.93,10691.98,10709.36,10724.7,10744.94,0,10500.4,10521.78,10536.88,10555.29,10620.24,10682.28,10699.67,10715,10735.24,0,10522.8,10544.19,10559.28,10577.69,10642.64,10704.69,10722.07,10737.4,10757.64,0,1,1,1,1,1,1,1,1,1,0,2,2,2,2,2,2,2,2,2,0,0,0,0,0,0,0,0,0,0,0,620.082,640.447,655.755,673.18,735.226,800.205,818.532,833.021,854.717,0,6,6,6,6,6,6,6,6,6,0,1,1,1,1,1,1,1,1,1,0,0,0,0,0,0,0,0,0,0,0,-5246.2,-5256.892,-5264.439,-5273.646,-5306.117,-5337.142,-5345.833,-5353.5,-5363.62,0,0,0,0,0,0,0,0,0,0,0,0,0,0,0,0,0,0,0,0,0,0,0,0,0,0,0,0,0,0,0,1,1,1,1,1,1,1,1,1,0,0,0,0,0,0,0,0,0,0,0,1.002,1.002,1.002,1.003,1.003,1.003,1.003,1.003,1.003,0,-5246.2,-5256.892,-5264.439,-5273.646,-5306.117,-5337.142,-5345.833,-5353.5,-5363.62,0
"32","cor",72,2,2,2,1000,2,2,0,6,4,"ACE",10360.52,10380.34,10399.69,10419.81,10488.69,10557.01,10577.72,10591.73,10610.24,0,10350.83,10370.65,10390,10410.12,10479,10547.32,10568.02,10582.04,10600.54,0,10373.23,10393.05,10412.4,10432.52,10501.4,10569.72,10590.43,10604.44,10622.95,0,1,1,1,1,1,1,1,1,1,0,2,2,2,2,2,2,2,2,2,0,0,0,0,0,0,0,0,0,0,0,754.777,773.244,787.434,808.191,876.458,945.37,965.476,984.818,1004.645,0,6,6,6,6,6,6,6,6,6,0,1,1,1,1,1,1,1,1,1,0,0,0,0,0,0,0,0,0,0,0,-5171.413,-5181.325,-5190.998,-5201.059,-5235.499,-5269.657,-5280.011,-5287.019,-5296.272,0,0,0,0,0,0,0,0,0,0,0,0,0,0,0,0,0,0,0,0,0,0,0,0,0,0,0,0,0,0,0,1,1,1,1,1,1,1,1,1,0,0,0,0,0,0,0,0,0,0,0,1.002,1.002,1.002,1.002,1.002,1.002,1.003,1.003,1.003,0,-5171.413,-5181.324,-5190.998,-5201.059,-5235.499,-5269.657,-5280.011,-5287.019,-5296.272,0
"33","cov",5,1,1,1,100,2,2,0,6,4,"ACE",1422.718,1432.62,1443.147,1454.114,1492.382,1528.221,1539.65,1547.25,1554.92,72,1422.197,1432.099,1442.626,1453.594,1491.861,1527.7,1539.129,1546.73,1554.399,72,1435.39,1445.292,1455.819,1466.787,1505.055,1540.893,1552.322,1559.923,1567.592,72,0.867,0.898,0.919,0.941,1,1,1,1,1,72,2,2,2,2,2,2,2,2,2,72,0,0,0,0,0,0,0,0,0,72,53.33,58.338,62.778,68.359,88.838,111.705,118.543,124.656,131.304,72,6,6,6,6,6,6,6,6,6,72,0.0098,0.0229,0.044,0.0892,0.4904,0.8972,0.9468,0.9736,0.9906,72,0.844,1.264,1.677,2.228,5.423,10.968,12.932,14.661,16.826,72,-707.099,-712.05,-717.313,-722.797,-741.931,-759.85,-765.565,-769.365,-773.2,72,0,0,0,0,0,0,0.016,0.041,0.061,72,0,0,0.016,0.057,0.123,0.175,0.189,0.2,0.212,72,0,0,0,0,0,0.091,0.107,0.12,0.134,72,0.033,0.065,0.108,0.185,0.636,0.941,0.971,0.986,0.995,72,0.032,0.038,0.044,0.052,0.088,0.138,0.155,0.171,0.194,72,0.956,0.966,0.973,0.98,1.002,1.015,1.018,1.02,1.023,72,-704.168,-708.688,-713.888,-719.869,-738.796,-757.068,-762.744,-766.588,-770.801,72
"34","cov",6,2,1,1,100,2,2,0,6,4,"ACE",1511.913,1524.201,1533.554,1545.634,1582.744,1619.225,1629.59,1639.32,1648.404,87,1511.392,1523.68,1533.033,1545.113,1582.223,1618.705,1629.069,1638.799,1647.883,87,1524.586,1536.874,1546.227,1558.307,1595.417,1631.898,1642.262,1651.992,1661.076,87,0.896,0.92,0.94,0.957,1,1,1,1,1,87,2,2,2,2,2,2,2,2,2,87,0,0,0,0,0,0,0,0,0,87,74.085,79.311,84.65,91.074,113.135,137.068,144.102,150.649,158.303,87,6,6,6,6,6,6,6,6,6,87,0.0096,0.0231,0.0503,0.0949,0.4888,0.9034,0.9519,0.9786,0.9925,87,0.778,1.152,1.604,2.17,5.43,10.789,12.55,14.64,16.897,87,-751.696,-757.84,-762.517,-768.557,-787.112,-805.352,-810.534,-815.4,-819.941,87,0,0,0,0,0,0,0,0.041,0.061,87,0,0,0,0.054,0.123,0.174,0.186,0.2,0.213,87,0,0,0,0,0,0.089,0.104,0.12,0.135,87,0.033,0.065,0.119,0.194,0.635,0.945,0.974,0.989,0.996,87,0.03,0.035,0.042,0.05,0.086,0.137,0.155,0.172,0.194,87,0.965,0.973,0.98,0.986,1.002,1.012,1.014,1.016,1.017,87,-748.87,-754.676,-759.28,-765.116,-784.173,-802.394,-807.456,-812.415,-817.409,87
"35","cov",8,1,2,1,100,2,2,0,6,4,"ACE",1494.761,1505.092,1515.022,1525.675,1563.08,1598.124,1608.171,1616.439,1625.447,22,1494.24,1504.571,1514.501,1525.154,1562.559,1597.603,1607.65,1615.918,1624.926,22,1507.433,1517.765,1527.694,1538.347,1575.752,1610.797,1620.843,1629.111,1638.119,22,0.912,0.935,0.948,0.964,1,1,1,1,1,22,2,2,2,2,2,2,2,2,2,22,0,0,0,0,0,0,0,0,0,22,89.047,96.74,102.77,109.143,134.127,159.704,167.142,174.527,184.385,22,6,6,6,6,6,6,6,6,6,22,0.0092,0.0232,0.0465,0.097,0.4912,0.8962,0.9473,0.9745,0.9916,22,0.811,1.245,1.67,2.241,5.419,10.731,12.783,14.64,16.988,22,-743.12,-748.286,-753.25,-758.577,-777.28,-794.802,-799.825,-803.959,-808.463,22,0,0,0,0,0,0,0.012,0.041,0.062,22,0,0,0.014,0.057,0.123,0.173,0.188,0.2,0.213,22,0,0,0,0,0,0.089,0.106,0.12,0.135,22,0.032,0.066,0.113,0.197,0.637,0.94,0.971,0.987,0.996,22,0.028,0.035,0.041,0.049,0.084,0.137,0.158,0.176,0.199,22,0.971,0.978,0.983,0.988,1.001,1.01,1.011,1.013,1.015,22,-739.641,-744.91,-749.771,-755.48,-774.339,-792.082,-796.646,-800.774,-806.238,22
"36","cov",9,2,2,1,100,2,2,0,6,4,"ACE",1567.246,1579.635,1589.492,1599.508,1637.018,1673.052,1682.466,1690.377,1699.091,2,1566.726,1579.114,1588.971,1598.987,1636.497,1672.531,1681.945,1689.857,1698.571,2,1579.919,1592.307,1602.164,1612.18,1649.69,1685.724,1695.138,1703.05,1711.764,2,0.92,0.94,0.953,0.966,1,1,1,1,1,2,2,2,2,2,2,2,2,2,2,2,0,0,0,0,0,0,0,0,0,2,102.817,110.395,116.251,122.665,148.644,175.468,183.527,189.815,197.65,2,6,6,6,6,6,6,6,6,6,2,0.007,0.0234,0.0482,0.0949,0.4984,0.8925,0.9449,0.9726,0.9887,2,0.899,1.28,1.698,2.275,5.36,10.78,12.689,14.593,17.575,2,-779.363,-785.557,-790.485,-795.494,-814.248,-832.265,-836.973,-840.928,-845.285,2,0,0,0,0,0,0,0.009,0.041,0.066,2,0,0,0.019,0.059,0.122,0.174,0.187,0.199,0.217,2,0,0,0,0,0,0.089,0.106,0.12,0.139,2,0.026,0.066,0.116,0.194,0.643,0.938,0.97,0.986,0.994,2,0.029,0.035,0.042,0.049,0.084,0.141,0.162,0.18,0.204,2,0.973,0.98,0.984,0.989,1.001,1.009,1.01,1.011,1.012,2,-776.666,-782.497,-787.043,-792.305,-811.23,-829.407,-834.139,-837.904,-842.448,2
"37","cov",14,1,1,2,100,2,2,0,6,4,"ACE",1581.316,1594.484,1602.85,1614.23,1651.685,1687.31,1698.355,1706.323,1715.837,362,1580.795,1593.963,1602.329,1613.709,1651.164,1686.789,1697.834,1705.802,1715.316,362,1593.989,1607.157,1615.522,1626.902,1664.357,1699.982,1711.028,1718.995,1728.51,362,0.722,0.79,0.84,0.885,1,1,1,1,1,362,2,2,2,2,2,2,2,2,2,362,0,0,0,0,0,0,0,0,0,362,19.842,23.845,27.075,30.543,45.823,63.053,68.351,74.396,81.576,362,6,6,6,6,6,6,6,6,6,362,0.0115,0.0256,0.0513,0.093,0.4791,0.8921,0.9451,0.9729,0.9899,362,0.87,1.277,1.699,2.277,5.519,10.842,12.517,14.361,16.449,362,-786.398,-792.982,-797.164,-802.855,-821.582,-839.395,-844.917,-848.901,-853.658,362,0,0,0,0,0,0,0,0.038,0.058,362,0,0,0.02,0.059,0.124,0.174,0.186,0.198,0.21,362,0,0,0,0,0,0.09,0.104,0.118,0.132,362,0.038,0.071,0.121,0.191,0.626,0.938,0.97,0.986,0.995,362,0.033,0.04,0.046,0.055,0.09,0.136,0.152,0.168,0.189,362,0.907,0.93,0.947,0.962,1.004,1.03,1.038,1.046,1.056,362,-782.689,-789.777,-793.799,-799.659,-818.527,-836.398,-841.862,-846.202,-851.435,362
"38","cov",15,2,1,2,100,2,2,0,6,4,"ACE",1652.224,1664.889,1675.043,1684.187,1721.921,1757.874,1768.055,1776.686,1787.677,274,1651.703,1664.368,1674.523,1683.666,1721.4,1757.353,1767.534,1776.165,1787.156,274,1664.896,1677.561,1687.716,1696.859,1734.593,1770.546,1780.727,1789.359,1800.349,274,0.805,0.849,0.889,0.922,1,1,1,1,1,274,2,2,2,2,2,2,2,2,2,274,0,0,0,0,0,0,0,0,0,274,33.888,37.977,41.572,45.664,63.91,83.537,89.356,94.664,100.851,274,6,6,6,6,6,6,6,6,6,274,0.0118,0.0245,0.0506,0.0983,0.4873,0.8941,0.9492,0.972,0.989,274,0.895,1.293,1.646,2.26,5.45,10.693,12.545,14.505,16.316,274,-821.852,-828.184,-833.261,-837.833,-856.7,-874.677,-879.767,-884.083,-889.578,274,0,0,0,0,0,0,0,0.04,0.057,274,0,0,0.008,0.058,0.123,0.173,0.186,0.199,0.209,274,0,0,0,0,0,0.088,0.104,0.119,0.131,274,0.038,0.068,0.12,0.199,0.634,0.939,0.972,0.985,0.994,274,0.033,0.04,0.046,0.053,0.088,0.137,0.152,0.167,0.19,274,0.935,0.95,0.963,0.974,1.003,1.021,1.026,1.03,1.035,274,-818.605,-825.113,-829.875,-834.678,-853.593,-871.804,-876.934,-881.129,-886.193,274
"39","cov",17,1,2,2,100,2,2,0,6,4,"ACE",1642.802,1654.85,1663.528,1673.749,1709.922,1745.886,1755.389,1764.325,1776.691,256,1642.281,1654.33,1663.007,1673.228,1709.401,1745.365,1754.868,1763.805,1776.17,256,1655.474,1667.523,1676.2,1686.421,1722.594,1758.559,1768.061,1776.998,1789.363,256,0.82,0.869,0.899,0.932,1,1,1,1,1,256,2,2,2,2,2,2,2,2,2,256,0,0,0,0,0,0,0,0,0,256,40.852,45.718,50.195,55.499,74.86,96.353,103.275,108.731,114.86,256,6,6,6,6,6,6,6,6,6,256,0.0068,0.0184,0.0415,0.0903,0.4849,0.8947,0.9459,0.9718,0.9877,256,0.941,1.286,1.69,2.255,5.468,10.937,13.097,15.241,17.709,256,-817.141,-823.165,-827.503,-832.614,-850.701,-868.683,-873.434,-877.902,-884.085,256,0,0,0,0,0,0,0.02,0.047,0.067,256,0,0,0.018,0.058,0.123,0.175,0.19,0.203,0.217,256,0,0,0,0,0,0.091,0.109,0.124,0.14,256,0.025,0.055,0.103,0.186,0.632,0.94,0.97,0.985,0.994,256,0.034,0.039,0.045,0.053,0.087,0.14,0.159,0.175,0.196,256,0.94,0.956,0.966,0.977,1.002,1.018,1.022,1.025,1.028,256,-813.305,-819.555,-824.318,-829.252,-847.643,-865.736,-870.432,-875.283,-881.214,256
"40","cov",18,2,2,2,100,2,2,0,6,4,"ACE",1699.284,1710.428,1720.254,1731.294,1768.625,1804.933,1816.145,1825.687,1834.959,62,1698.763,1709.907,1719.733,1730.773,1768.104,1804.412,1815.624,1825.166,1834.438,62,1711.956,1723.101,1732.926,1743.966,1781.297,1817.605,1828.817,1838.359,1847.631,62,0.872,0.897,0.921,0.946,1,1,1,1,1,62,2,2,2,2,2,2,2,2,2,62,0,0,0,0,0,0,0,0,0,62,52.872,58.521,63.288,68.31,88.875,111.418,118.296,124.109,131.224,62,6,6,6,6,6,6,6,6,6,62,0.0113,0.0263,0.0516,0.1005,0.5032,0.9011,0.9506,0.9764,0.9908,62,0.841,1.208,1.623,2.192,5.322,10.628,12.501,14.285,16.476,62,-845.381,-850.954,-855.866,-861.386,-880.052,-898.206,-903.812,-908.583,-913.219,62,0,0,0,0,0,0,0,0.037,0.058,62,0,0,0,0.055,0.122,0.172,0.186,0.197,0.21,62,0,0,0,0,0,0.088,0.104,0.118,0.132,62,0.037,0.072,0.122,0.202,0.648,0.944,0.973,0.988,0.995,62,0.031,0.037,0.044,0.051,0.086,0.137,0.156,0.171,0.19,62,0.957,0.966,0.974,0.982,1.003,1.015,1.018,1.021,1.024,62,-841.786,-847.764,-852.595,-858.264,-877.13,-895.638,-900.94,-905.886,-910.9,62
"41","cov",23,1,1,1,250,2,2,0,6,4,"ACE",3620.8,3637.702,3652.802,3669.06,3726.754,3780.987,3797.27,3814.099,3830.131,1,3616.638,3633.54,3648.639,3664.898,3722.592,3776.825,3793.107,3809.937,3825.969,1,3633.496,3650.398,3665.498,3681.756,3739.45,3793.684,3809.966,3826.796,3842.827,1,0.952,0.961,0.969,0.978,1,1,1,1,1,1,2,2,2,2,2,2,2,2,2,1,0,0,0,0,0,0,0,0,0,1,161.342,170.563,178.66,187.952,220.69,255.025,265.609,275.335,284.947,1,6,6,6,6,6,6,6,6,6,1,0.0099,0.0269,0.0502,0.099,0.4921,0.8978,0.9491,0.9748,0.9911,1,0.831,1.241,1.647,2.22,5.412,10.662,12.574,14.233,16.807,1,-1804.319,-1812.77,-1820.32,-1828.449,-1857.296,-1884.413,-1892.554,-1900.969,-1908.984,1,0,0,0,0,0,0,0,0.023,0.038,1,0,0,0.005,0.036,0.078,0.109,0.118,0.125,0.134,1,0,0,0,0,0,0.056,0.066,0.074,0.085,1,0.098,0.178,0.254,0.368,0.791,0.975,0.989,0.995,0.998,1,0.02,0.023,0.028,0.033,0.054,0.084,0.095,0.107,0.119,1,0.984,0.987,0.99,0.993,1.001,1.006,1.007,1.008,1.008,1,-1801.799,-1809.689,-1817.149,-1825.237,-1854.186,-1881.194,-1890.076,-1897.556,-1904.897,1
"42","cov",24,2,1,1,250,2,2,0,6,4,"ACE",3847.509,3867.624,3880.957,3897.341,3955.111,4013.419,4029.027,4042.523,4057.487,5,3843.347,3863.461,3876.795,3893.178,3950.949,4009.257,4024.865,4038.361,4053.325,5,3860.205,3880.32,3893.653,3910.037,3967.807,4026.115,4041.724,4055.22,4070.183,5,0.957,0.967,0.976,0.983,1,1,1,1,1,5,2,2,2,2,2,2,2,2,2,5,0,0,0,0,0,0,0,0,0,5,215.463,224.965,234.19,244.228,279.59,316.195,327.361,336.417,347.329,5,6,6,6,6,6,6,6,6,6,5,0.0081,0.0202,0.0481,0.1,0.4994,0.9056,0.951,0.9747,0.9883,5,0.919,1.24,1.617,2.148,5.353,10.645,12.693,14.994,17.335,5,-1917.673,-1927.731,-1934.397,-1942.589,-1971.474,-2000.628,-2008.433,-2015.181,-2022.662,5,0,0,0,0,0,0,0.006,0.028,0.041,5,0,0,0,0.034,0.077,0.109,0.118,0.128,0.136,5,0,0,0,0,0,0.056,0.067,0.077,0.087,5,0.086,0.15,0.248,0.37,0.795,0.977,0.989,0.995,0.998,5,0.02,0.023,0.027,0.032,0.054,0.085,0.095,0.105,0.115,5,0.986,0.989,0.992,0.994,1.001,1.005,1.005,1.006,1.006,5,-1914.635,-1923.931,-1930.87,-1939.422,-1968.416,-1997.785,-2005.338,-2012.166,-2020.066,5
"43","cov",26,1,2,1,250,2,2,0,6,4,"ACE",3796.457,3812.913,3827.842,3842.971,3901.699,3957.556,3972.009,3986.979,4001.956,1,3792.294,3808.751,3823.68,3838.809,3897.537,3953.393,3967.847,3982.816,3997.794,1,3809.153,3825.609,3840.538,3855.667,3914.395,3970.252,3984.705,3999.675,4014.652,1,0.966,0.975,0.98,0.986,1,1,1,1,1,1,2,2,2,2,2,2,2,2,2,1,0,0,0,0,0,0,0,0,0,1,266.361,275.167,283.515,294.049,331.937,372.459,383.921,394.804,406.981,1,6,6,6,6,6,6,6,6,6,1,0.0094,0.0257,0.0533,0.1006,0.4966,0.8969,0.9487,0.9736,0.9896,1,0.886,1.258,1.652,2.225,5.376,10.614,12.41,14.299,16.907,1,-1892.147,-1900.376,-1907.84,-1915.405,-1944.768,-1972.697,-1979.923,-1987.408,-1994.897,1,0,0,0,0,0,0,0,0.024,0.039,1,0,0,0.006,0.036,0.077,0.109,0.117,0.125,0.135,1,0,0,0,0,0,0.055,0.065,0.074,0.085,1,0.095,0.173,0.263,0.371,0.794,0.975,0.989,0.995,0.998,1,0.019,0.023,0.026,0.031,0.053,0.084,0.096,0.105,0.12,1,0.989,0.992,0.993,0.995,1.001,1.004,1.004,1.005,1.005,1,-1888.725,-1897.281,-1904.35,-1912.292,-1941.788,-1969.818,-1977.3,-1984.782,-1992.495,1
"44","cov",27,2,2,1,250,2,2,0,6,4,"ACE",3984.474,3998.011,4012.745,4030.49,4087.638,4144.227,4161.025,4174.233,4190.735,0,3980.312,3993.849,4008.583,4026.328,4083.475,4140.064,4156.863,4170.071,4186.573,0,3997.171,4010.708,4025.441,4043.187,4100.334,4156.923,4173.722,4186.929,4203.432,0,0.971,0.977,0.982,0.987,1,1,1,1,1,0,2,2,2,2,2,2,2,2,2,0,0,0,0,0,0,0,0,0,0,0,298.035,308.534,317.877,329.174,368.315,411.357,422.963,434.183,446.02,0,6,6,6,6,6,6,6,6,6,0,0.0113,0.0256,0.0494,0.1004,0.4797,0.9016,0.952,0.9778,0.9927,0,0.774,1.181,1.606,2.185,5.505,10.63,12.604,14.384,16.5,0,-1986.156,-1992.925,-2000.291,-2009.164,-2037.738,-2066.032,-2074.432,-2081.035,-2089.287,0,0,0,0,0,0,0,0.002,0.024,0.037,0,0,0,0,0.035,0.078,0.109,0.118,0.125,0.133,0,0,0,0,0,0,0.056,0.066,0.075,0.084,0,0.106,0.173,0.252,0.371,0.783,0.976,0.99,0.996,0.999,0,0.018,0.022,0.026,0.031,0.053,0.085,0.096,0.106,0.12,0,0.99,0.992,0.994,0.996,1,1.003,1.004,1.004,1.005,0,-1983.129,-1990.002,-1997.328,-2005.969,-2034.602,-2063.214,-2071.387,-2077.822,-2086.006,0
"45","cov",32,1,1,2,250,2,2,0,6,4,"ACE",4021.274,4035.9,4048.451,4064.948,4122.855,4178.757,4194.772,4208.024,4223.584,70,4017.112,4031.737,4044.289,4060.786,4118.692,4174.595,4190.61,4203.862,4219.422,70,4033.97,4048.596,4061.147,4077.645,4135.551,4191.453,4207.468,4220.72,4236.28,70,0.892,0.917,0.937,0.957,1,1,1,1,1,70,2,2,2,2,2,2,2,2,2,70,0,0,0,0,0,0,0,0,0,70,69.571,75.198,80.677,87.106,110.486,137.107,145.072,152.227,160.994,70,6,6,6,6,6,6,6,6,6,70,0.0082,0.0237,0.0513,0.0997,0.4974,0.8968,0.944,0.9729,0.9877,70,0.921,1.271,1.714,2.235,5.367,10.645,12.506,14.579,17.292,70,-2004.556,-2011.869,-2018.144,-2026.393,-2055.346,-2083.297,-2091.305,-2097.931,-2105.711,70,0,0,0,0,0,0,0,0.026,0.041,70,0,0,0.014,0.036,0.077,0.109,0.118,0.126,0.136,70,0,0,0,0,0,0.056,0.066,0.076,0.087,70,0.087,0.165,0.257,0.37,0.794,0.975,0.988,0.995,0.998,70,0.022,0.026,0.03,0.034,0.055,0.083,0.092,0.1,0.109,70,0.964,0.972,0.979,0.986,1.002,1.012,1.014,1.016,1.018,70,-2001.451,-2008.82,-2015.208,-2023.324,-2052.499,-2080.318,-2088.533,-2095.344,-2102.719,70
"46","cov",33,2,1,2,250,2,2,0,6,4,"ACE",4194.47,4214.26,4226.097,4241.477,4300.461,4359.02,4376.473,4389.655,4407.565,44,4190.307,4210.098,4221.935,4237.315,4296.299,4354.858,4372.311,4385.493,4403.402,44,4207.166,4226.957,4238.793,4254.173,4313.157,4371.716,4389.169,4402.352,4420.261,44,0.923,0.941,0.956,0.97,1,1,1,1,1,44,2,2,2,2,2,2,2,2,2,44,0,0,0,0,0,0,0,0,0,44,107.708,115.541,121.983,128.561,156.745,187.075,196.695,203.411,212.944,44,6,6,6,6,6,6,6,6,6,44,0.0081,0.0237,0.0481,0.0965,0.4868,0.9054,0.9506,0.9746,0.9908,44,0.836,1.244,1.627,2.15,5.455,10.746,12.688,14.58,17.156,44,-2091.154,-2101.049,-2106.967,-2114.657,-2144.149,-2173.429,-2182.155,-2188.747,-2197.701,44,0,0,0,0,0,0,0.006,0.026,0.04,44,0,0,0,0.034,0.078,0.11,0.118,0.126,0.135,44,0,0,0,0,0,0.056,0.067,0.076,0.086,44,0.087,0.165,0.248,0.363,0.787,0.977,0.989,0.995,0.998,44,0.021,0.025,0.029,0.033,0.055,0.083,0.092,0.102,0.116,44,0.974,0.98,0.985,0.99,1.001,1.008,1.01,1.011,1.012,44,-2087.598,-2096.51,-2103.937,-2111.538,-2141.02,-2170.393,-2179.096,-2185.965,-2194.041,44
"47","cov",35,1,2,2,250,2,2,0,6,4,"ACE",4170.957,4184.828,4196.876,4213.371,4272.552,4328.352,4344.347,4358.978,4372.515,52,4166.795,4180.666,4192.714,4209.208,4268.39,4324.19,4340.185,4354.816,4368.353,52,4183.653,4197.525,4209.572,4226.067,4285.248,4341.049,4357.043,4371.674,4385.211,52,0.936,0.95,0.962,0.973,1,1,1,1,1,52,2,2,2,2,2,2,2,2,2,52,0,0,0,0,0,0,0,0,0,52,131.408,139.027,146.129,154.383,184.277,216.747,225.783,234.41,244.637,52,6,6,6,6,6,6,6,6,6,52,0.0087,0.021,0.0443,0.0927,0.4962,0.9018,0.9491,0.9732,0.9918,52,0.805,1.268,1.645,2.182,5.372,10.855,12.91,14.876,17.083,52,-2079.397,-2086.333,-2092.357,-2100.604,-2130.195,-2158.095,-2166.092,-2173.408,-2180.177,52,0,0,0,0,0,0,0.01,0.028,0.04,52,0,0,0.005,0.035,0.077,0.11,0.119,0.127,0.135,52,0,0,0,0,0,0.057,0.068,0.077,0.086,52,0.091,0.154,0.237,0.355,0.793,0.976,0.989,0.995,0.998,52,0.02,0.024,0.028,0.033,0.054,0.084,0.094,0.105,0.12,52,0.979,0.983,0.987,0.991,1.001,1.007,1.008,1.009,1.01,52,-2075.19,-2082.93,-2089.512,-2097.564,-2126.832,-2155.186,-2162.635,-2170.194,-2176.903,52
"48","cov",36,2,2,2,250,2,2,0,6,4,"ACE",4317.359,4330.991,4343.78,4360.552,4419.227,4476.597,4492.061,4503.053,4523.274,0,4313.197,4326.829,4339.618,4356.389,4415.065,4472.435,4487.899,4498.891,4519.112,0,4330.055,4343.687,4356.476,4373.248,4431.924,4489.293,4504.757,4515.749,4535.97,0,0.949,0.96,0.969,0.978,1,1,1,1,1,0,2,2,2,2,2,2,2,2,2,0,0,0,0,0,0,0,0,0,0,0,161.569,170.385,177.243,186.74,219.729,255.207,265.408,274.657,286.742,0,6,6,6,6,6,6,6,6,6,0,0.0094,0.0226,0.0477,0.0967,0.4971,0.9007,0.947,0.9746,0.9905,0,0.849,1.241,1.673,2.194,5.368,10.732,12.701,14.692,16.814,0,-2152.598,-2159.414,-2165.809,-2174.195,-2203.533,-2232.218,-2239.949,-2245.445,-2255.556,0,0,0,0,0,0,0,0.006,0.026,0.038,0,0,0,0.01,0.035,0.077,0.11,0.118,0.126,0.134,0,0,0,0,0,0,0.056,0.067,0.076,0.085,0,0.095,0.161,0.247,0.364,0.794,0.976,0.988,0.995,0.998,0,0.02,0.023,0.028,0.033,0.055,0.084,0.094,0.104,0.117,0,0.983,0.987,0.99,0.993,1.001,1.006,1.007,1.008,1.008,0,-2148.979,-2156.321,-2162.876,-2171.095,-2200.525,-2228.925,-2236.487,-2242.918,-2251.558,0
"49","cov",41,1,1,1,500,2,2,0,6,4,"ACE",7301.041,7324.588,7341.447,7364.292,7446.558,7528.8,7552.946,7573.622,7593.668,0,7294.114,7317.661,7334.52,7357.365,7439.631,7521.873,7546.019,7566.695,7586.741,0,7313.745,7337.292,7354.151,7376.996,7459.262,7541.504,7565.65,7586.326,7606.372,0,0.975,0.98,0.985,0.989,1,1,1,1,1,0,2,2,2,2,2,2,2,2,2,0,0,0,0,0,0,0,0,0,0,0,354.632,367.888,377.97,391.889,438.91,488.152,501.818,514.199,529.75,0,6,6,6,6,6,6,6,6,6,0,0.011,0.0243,0.0474,0.0958,0.4835,0.8998,0.95,0.9741,0.9877,0,0.93,1.251,1.631,2.206,5.482,10.769,12.725,14.514,16.498,0,-3643.057,-3654.831,-3663.26,-3674.683,-3715.816,-3756.937,-3769.01,-3779.348,-3789.371,0,0,0,0,0,0,0,0.005,0.018,0.026,0,0,0,0,0.025,0.055,0.078,0.084,0.089,0.094,0,0,0,0,0,0,0.04,0.047,0.053,0.059,0,0.281,0.384,0.491,0.618,0.92,0.994,0.998,0.999,1,0,0.015,0.017,0.02,0.023,0.039,0.059,0.066,0.072,0.08,0,0.992,0.993,0.995,0.996,1,1.003,1.003,1.004,1.004,0,-3639.73,-3651.936,-3660.463,-3671.332,-3712.809,-3754.257,-3766.329,-3776.642,-3786.321,0
"50","cov",42,2,1,1,500,2,2,0,6,4,"ACE",7758,7780.422,7798.709,7821.196,7901.338,7981.169,8002.595,8023.393,8045.642,0,7751.073,7773.495,7791.782,7814.269,7894.412,7974.242,7995.669,8016.466,8038.715,0,7770.704,7793.126,7811.413,7833.9,7914.043,7993.873,8015.3,8036.097,8058.346,0,0.981,0.985,0.988,0.992,1,1,1,1,1,0,2,2,2,2,2,2,2,2,2,0,0,0,0,0,0,0,0,0,0,0,467.08,481.711,492.938,508.572,558.696,610.725,625.646,640.987,655.236,0,6,6,6,6,6,6,6,6,6,0,0.0102,0.0264,0.052,0.104,0.5062,0.9079,0.9526,0.9778,0.9921,0,0.798,1.171,1.592,2.123,5.297,10.527,12.482,14.294,16.716,0,-3871.536,-3882.748,-3891.891,-3903.135,-3943.206,-3983.121,-3993.834,-4004.233,-4015.358,0,0,0,0,0,0,0,0,0.017,0.027,0,0,0,0,0.023,0.054,0.077,0.083,0.088,0.095,0,0,0,0,0,0,0.039,0.046,0.053,0.06,0,0.272,0.397,0.507,0.634,0.927,0.995,0.998,0.999,1,0,0.013,0.016,0.019,0.022,0.037,0.058,0.066,0.073,0.082,0,0.994,0.995,0.996,0.997,1,1.002,1.003,1.003,1.003,0,-3868.284,-3879.573,-3887.97,-3899.886,-3940.436,-3980.209,-3991.254,-4001.736,-4013.233,0
"51","cov",44,1,2,1,500,2,2,0,6,4,"ACE",7643.351,7674.716,7690.988,7714.57,7798.707,7880.459,7903.49,7926.188,7948.934,0,7636.424,7667.789,7684.061,7707.643,7791.78,7873.532,7896.564,7919.262,7942.007,0,7656.055,7687.42,7703.692,7727.274,7811.412,7893.163,7916.195,7938.893,7961.638,0,0.984,0.988,0.99,0.993,1,1,1,1,1,0,2,2,2,2,2,2,2,2,2,0,0,0,0,0,0,0,0,0,0,0,564.344,578.875,591.369,607.917,663.037,719.75,735.222,748.053,768.233,0,6,6,6,6,6,6,6,6,6,0,0.0102,0.0254,0.0508,0.1017,0.5026,0.9015,0.9499,0.9738,0.9897,0,0.875,1.255,1.636,2.188,5.326,10.595,12.538,14.407,16.722,0,-3814.212,-3829.895,-3838.031,-3849.822,-3891.89,-3932.766,-3944.282,-3955.631,-3967.003,0,0,0,0,0,0,0,0,0.017,0.027,0,0,0,0.001,0.025,0.054,0.077,0.083,0.089,0.095,0,0,0,0,0,0,0.039,0.047,0.053,0.06,0,0.272,0.391,0.503,0.63,0.926,0.994,0.998,0.999,1,0,0.013,0.016,0.019,0.022,0.037,0.058,0.066,0.074,0.082,0,0.995,0.996,0.997,0.998,1,1.002,1.002,1.002,1.003,0,-3812.019,-3826.856,-3835.01,-3846.743,-3888.867,-3930.082,-3941.737,-3952.409,-3964.591,0
"52","cov",45,2,2,1,500,2,2,0,6,4,"ACE",8023.884,8046.238,8068.305,8090.469,8172.284,8250.174,8273.094,8293.61,8313.938,0,8016.957,8039.311,8061.378,8083.542,8165.357,8243.247,8266.167,8286.683,8307.011,0,8036.588,8058.942,8081.009,8103.173,8184.988,8262.878,8285.798,8306.314,8326.642,0,0.985,0.988,0.991,0.993,1,1,1,1,1,0,2,2,2,2,2,2,2,2,2,0,0,0,0,0,0,0,0,0,0,0,630.648,647.789,662.563,678.186,735.109,794.741,811.988,826.141,839.947,0,6,6,6,6,6,6,6,6,6,0,0.0096,0.0227,0.0472,0.0949,0.4882,0.8983,0.9533,0.9763,0.9906,0,0.853,1.21,1.59,2.218,5.444,10.789,12.719,14.679,16.89,0,-4004.479,-4015.655,-4026.689,-4037.771,-4078.678,-4117.623,-4129.084,-4139.342,-4149.505,0,0,0,0,0,0,0,0.005,0.019,0.027,0,0,0,0,0.025,0.055,0.078,0.084,0.089,0.095,0,0,0,0,0,0,0.04,0.047,0.054,0.06,0,0.265,0.375,0.49,0.617,0.922,0.994,0.998,0.999,1,0,0.012,0.016,0.018,0.022,0.037,0.061,0.068,0.076,0.083,0,0.995,0.996,0.997,0.998,1,1.002,1.002,1.002,1.002,0,-4000.315,-4011.642,-4023.604,-4034.623,-4075.671,-4114.816,-4126.309,-4135.754,-4146.591,0
"53","cov",50,1,1,2,500,2,2,0,6,4,"ACE",8095.101,8115.618,8134.712,8157.37,8241.035,8319.929,8342.197,8361.194,8383.697,3,8088.174,8108.691,8127.785,8150.443,8234.109,8313.002,8335.27,8354.267,8376.77,3,8107.805,8128.322,8147.416,8170.074,8253.74,8332.633,8354.901,8373.898,8396.401,3,0.949,0.958,0.968,0.978,1,1,1,1,1,3,2,2,2,2,2,2,2,2,2,3,0,0,0,0,0,0,0,0,0,3,156.771,168.076,177.388,187.44,221.064,257.466,269.265,278.512,290.309,3,6,6,6,6,6,6,6,6,6,3,0.0081,0.0222,0.0471,0.0959,0.4922,0.8959,0.9478,0.9714,0.991,3,0.838,1.297,1.661,2.243,5.408,10.756,12.745,14.724,17.331,3,-4040.087,-4050.346,-4059.892,-4071.222,-4113.054,-4152.501,-4163.635,-4173.134,-4184.385,3,0,0,0,0,0,0,0.005,0.019,0.029,3,0,0,0.006,0.026,0.055,0.078,0.084,0.089,0.096,3,0,0,0,0,0,0.04,0.047,0.054,0.061,3,0.247,0.372,0.49,0.619,0.923,0.994,0.998,0.999,1,3,0.016,0.018,0.021,0.024,0.039,0.059,0.065,0.071,0.077,3,0.983,0.986,0.989,0.993,1.001,1.006,1.007,1.007,1.008,3,-4036.184,-4047.109,-4056.632,-4068.077,-4109.722,-4149.473,-4160.641,-4170.601,-4180.212,3
"54","cov",51,2,1,2,500,2,2,0,6,4,"ACE",8447.589,8468.989,8490.075,8512.508,8593.918,8678.121,8700.196,8721.189,8745.838,7,8440.662,8462.062,8483.149,8505.581,8586.992,8671.194,8693.269,8714.262,8738.911,7,8460.293,8481.693,8502.78,8525.212,8606.623,8690.825,8712.9,8733.893,8758.542,7,0.961,0.971,0.977,0.984,1,1,1,1,1,7,2,2,2,2,2,2,2,2,2,7,0,0,0,0,0,0,0,0,0,7,239.565,250.4,260.13,270.548,312.001,354.819,366.797,376.907,389.063,7,6,6,6,6,6,6,6,6,6,7,0.0076,0.0196,0.0437,0.0941,0.5051,0.9097,0.9548,0.9771,0.9916,7,0.816,1.195,1.567,2.102,5.307,10.813,12.948,15.057,17.47,7,-4216.331,-4227.031,-4237.574,-4248.791,-4289.496,-4331.597,-4342.635,-4353.131,-4365.456,7,0,0,0,0,0,0,0.008,0.02,0.029,7,0,0,0,0.023,0.054,0.078,0.084,0.09,0.097,7,0,0,0,0,0,0.04,0.048,0.055,0.062,7,0.241,0.354,0.477,0.615,0.927,0.995,0.998,0.999,1,7,0.014,0.017,0.02,0.023,0.039,0.059,0.066,0.072,0.079,7,0.987,0.99,0.992,0.995,1.001,1.004,1.005,1.005,1.006,7,-4213.208,-4224.407,-4234.588,-4245.224,-4286.588,-4328.355,-4339.151,-4349.998,-4362.654,7
"55","cov",53,1,2,2,500,2,2,0,6,4,"ACE",8386.661,8414.935,8435.823,8457.262,8538.8,8619.003,8640.274,8659.022,8686.522,7,8379.735,8408.009,8428.897,8450.336,8531.874,8612.076,8633.347,8652.095,8679.595,7,8399.366,8427.64,8448.528,8469.967,8551.505,8631.707,8652.978,8671.726,8699.226,7,0.969,0.976,0.982,0.987,1,1,1,1,1,7,2,2,2,2,2,2,2,2,2,7,0,0,0,0,0,0,0,0,0,7,287.936,300.952,310.713,323.908,367.663,413.522,426.257,439.814,456.833,7,6,6,6,6,6,6,6,6,6,7,0.0085,0.0248,0.05,0.1021,0.5072,0.9092,0.9533,0.9762,0.9889,7,0.899,1.214,1.587,2.111,5.287,10.582,12.583,14.467,17.012,7,-4185.867,-4200.004,-4210.448,-4221.168,-4261.937,-4302.038,-4312.674,-4322.048,-4335.798,7,0,0,0,0,0,0,0,0.018,0.028,7,0,0,0,0.023,0.054,0.077,0.083,0.089,0.095,7,0,0,0,0,0,0.039,0.047,0.053,0.061,7,0.253,0.387,0.5,0.631,0.927,0.995,0.998,0.999,1,7,0.014,0.017,0.02,0.023,0.038,0.059,0.065,0.072,0.081,7,0.99,0.992,0.994,0.996,1.001,1.004,1.004,1.004,1.005,7,-4182.079,-4196.296,-4207.415,-4218.134,-4258.922,-4298.495,-4309.743,-4319.299,-4332.848,7
"56","cov",54,2,2,2,500,2,2,0,6,4,"ACE",8680.801,8704.962,8725.849,8747.848,8832.368,8915.893,8938.122,8957.233,8976.24,0,8673.874,8698.036,8718.922,8740.921,8825.442,8908.966,8931.195,8950.307,8969.313,0,8693.505,8717.667,8738.553,8760.552,8845.073,8928.597,8950.826,8969.938,8988.944,0,0.974,0.981,0.985,0.989,1,1,1,1,1,0,2,2,2,2,2,2,2,2,2,0,0,0,0,0,0,0,0,0,0,0,355.223,369.628,380.667,394.094,438.861,488.868,502.171,515.907,529.631,0,6,6,6,6,6,6,6,6,6,0,0.0081,0.0259,0.0485,0.1007,0.4946,0.8978,0.9461,0.9734,0.9887,0,0.901,1.265,1.687,2.225,5.392,10.621,12.675,14.32,17.196,0,-4332.937,-4345.018,-4355.461,-4366.461,-4408.721,-4450.483,-4461.597,-4471.153,-4480.657,0,0,0,0,0,0,0,0.004,0.017,0.028,0,0,0,0.008,0.025,0.055,0.077,0.084,0.088,0.096,0,0,0,0,0,0,0.039,0.047,0.053,0.061,0,0.246,0.394,0.494,0.628,0.924,0.994,0.997,0.999,1,0,0.014,0.017,0.02,0.023,0.038,0.058,0.065,0.073,0.08,0,0.991,0.994,0.995,0.996,1,1.003,1.003,1.004,1.004,0,-4328.55,-4341.822,-4352.395,-4363.578,-4405.727,-4447.37,-4458.676,-4468.256,-4478.06,0
"57","cov",59,1,1,1,1000,2,2,0,6,4,"ACE",14684.35,14714.27,14739,14770.18,14886.31,14996.52,15029.24,15056.77,15086.24,0,14674.65,14704.58,14729.31,14760.49,14876.61,14986.83,15019.55,15047.08,15076.55,0,14697.05,14726.98,14751.71,14782.89,14899.01,15009.23,15041.95,15069.48,15098.95,0,0.987,0.99,0.993,0.995,1,1,1,1,1,0,2,2,2,2,2,2,2,2,2,0,0,0,0,0,0,0,0,0,0,0,757.759,772.15,788.251,808.136,877.274,945.148,966.327,980.996,999.568,0,6,6,6,6,6,6,6,6,6,0,0.0084,0.0229,0.0527,0.1008,0.4935,0.9007,0.9465,0.9742,0.9887,0,0.905,1.251,1.682,2.194,5.4,10.622,12.43,14.662,17.196,0,-7333.325,-7348.288,-7360.653,-7376.243,-7434.305,-7489.413,-7505.774,-7519.539,-7534.273,0,0,0,0,0,0,0,0,0.013,0.02,0,0,0,0.005,0.017,0.039,0.055,0.059,0.063,0.068,0,0,0,0,0,0,0.028,0.033,0.038,0.043,0,0.636,0.757,0.848,0.908,0.992,1,1,1,1,0,0.01,0.012,0.014,0.016,0.027,0.041,0.046,0.05,0.056,0,0.996,0.997,0.998,0.998,1,1.001,1.002,1.002,1.002,0,-7329.262,-7345.173,-7357.507,-7373.203,-7431.149,-7486.609,-7502.477,-7516.508,-7531.378,0
"58","cov",60,2,1,1,1000,2,2,0,6,4,"ACE",15584.41,15620.4,15647.46,15678.14,15792.98,15906.46,15937.93,15971.21,16004.57,0,15574.71,15610.7,15637.76,15668.44,15783.29,15896.76,15928.24,15961.52,15994.87,0,15597.11,15633.1,15660.17,15690.85,15805.69,15919.17,15950.64,15983.92,16017.27,0,0.99,0.992,0.994,0.996,1,1,1,1,1,0,2,2,2,2,2,2,2,2,2,0,0,0,0,0,0,0,0,0,0,0,983.556,1005.041,1024.305,1043.027,1114.338,1189.535,1209.672,1227.806,1252.206,0,6,6,6,6,6,6,6,6,6,0,0.0095,0.0254,0.0513,0.0993,0.4943,0.8975,0.9502,0.9746,0.9917,0,0.805,1.244,1.631,2.228,5.394,10.657,12.519,14.399,16.861,0,-7783.355,-7801.351,-7814.881,-7830.222,-7887.644,-7944.383,-7960.118,-7976.759,-7993.435,0,0,0,0,0,0,0,0,0.012,0.019,0,0,0,0,0.018,0.039,0.055,0.059,0.063,0.067,0,0,0,0,0,0,0.028,0.033,0.037,0.043,0,0.651,0.769,0.846,0.906,0.992,1,1,1,1,0,0.009,0.012,0.013,0.016,0.026,0.041,0.046,0.05,0.058,0,0.997,0.997,0.998,0.999,1,1.001,1.001,1.001,1.002,0,-7781.068,-7797.718,-7812.396,-7827.417,-7884.561,-7941.659,-7956.939,-7973.881,-7990.245,0
"59","cov",62,1,2,1,1000,2,2,0,6,4,"ACE",15388.26,15415.47,15442.79,15474.23,15588.13,15703.4,15735.6,15765.85,15791.76,0,15378.56,15405.77,15433.09,15464.53,15578.43,15693.7,15725.91,15756.15,15782.06,0,15400.97,15428.18,15455.5,15486.94,15600.84,15716.1,15748.31,15778.56,15804.47,0,0.992,0.994,0.995,0.997,1,1,1,1,1,0,2,2,2,2,2,2,2,2,2,0,0,0,0,0,0,0,0,0,0,0,1182.629,1203.933,1222.067,1245.314,1323.598,1404.428,1427.958,1445.393,1469.047,0,6,6,6,6,6,6,6,6,6,0,0.0119,0.0289,0.0557,0.1017,0.5007,0.9055,0.9478,0.9759,0.9886,0,0.912,1.215,1.664,2.148,5.341,10.579,12.288,14.063,16.287,0,-7685.28,-7698.887,-7712.546,-7728.266,-7785.217,-7842.85,-7858.954,-7874.077,-7887.03,0,0,0,0,0,0,0,0,0.011,0.018,0,0,0,0.004,0.017,0.039,0.054,0.058,0.062,0.066,0,0,0,0,0,0,0.028,0.032,0.037,0.041,0,0.679,0.784,0.854,0.908,0.992,1,1,1,1,0,0.009,0.011,0.013,0.015,0.026,0.041,0.046,0.052,0.057,0,0.997,0.998,0.998,0.999,1,1.001,1.001,1.001,1.001,0,-7681.247,-7696.068,-7708.94,-7725.409,-7782.294,-7840.131,-7856.031,-7870.786,-7884.027,0
"60","cov",63,2,2,1,1000,2,2,0,6,4,"ACE",16128.98,16157.51,16188.3,16221.63,16337.63,16450.03,16480.34,16508.63,16540.2,0,16119.28,16147.81,16178.61,16211.93,16327.93,16440.34,16470.64,16498.94,16530.5,0,16141.69,16170.22,16201.01,16234.34,16350.34,16462.74,16493.04,16521.34,16552.91,0,0.992,0.994,0.995,0.997,1,1,1,1,1,0,2,2,2,2,2,2,2,2,2,0,0,0,0,0,0,0,0,0,0,0,1331.485,1349.894,1370.879,1391.976,1469.951,1552.385,1577.633,1594.95,1617.302,0,6,6,6,6,6,6,6,6,6,0,0.0102,0.0243,0.0477,0.0954,0.4996,0.9009,0.9513,0.9742,0.9903,0,0.863,1.247,1.617,2.194,5.35,10.78,12.718,14.509,16.684,0,-8055.643,-8069.907,-8085.303,-8101.967,-8159.967,-8216.17,-8231.32,-8245.47,-8261.251,0,0,0,0,0,0,0,0.003,0.013,0.019,0,0,0,0,0.017,0.039,0.055,0.059,0.063,0.067,0,0,0,0,0,0,0.028,0.033,0.038,0.042,0,0.66,0.764,0.838,0.903,0.992,1,1,1,1,0,0.009,0.011,0.013,0.015,0.026,0.042,0.047,0.052,0.059,0,0.997,0.998,0.998,0.999,1,1.001,1.001,1.001,1.001,0,-8052.275,-8066.674,-8082.159,-8098.776,-8156.802,-8213.373,-8228.632,-8241.5,-8257.743,0
"61","cov",68,1,1,2,1000,2,2,0,6,4,"ACE",16258.54,16296.95,16326.56,16358.28,16470.32,16587.1,16620.71,16647.17,16675.4,0,16248.84,16287.26,16316.86,16348.58,16460.62,16577.41,16611.01,16637.48,16665.71,0,16271.24,16309.66,16339.27,16370.99,16483.03,16599.81,16633.42,16659.88,16688.11,0,0.975,0.98,0.985,0.989,1,1,1,1,1,0,2,2,2,2,2,2,2,2,2,0,0,0,0,0,0,0,0,0,0,0,352.979,367.722,378.629,391.322,440.967,491.53,507.116,517.799,533.49,0,6,6,6,6,6,6,6,6,6,0,0.0093,0.0237,0.0518,0.101,0.5059,0.897,0.9447,0.9721,0.9878,0,0.928,1.292,1.704,2.23,5.299,10.614,12.479,14.583,16.973,0,-8120.42,-8139.628,-8154.433,-8170.291,-8226.313,-8284.704,-8301.506,-8314.74,-8328.854,0,0,0,0,0,0,0,0,0.013,0.019,0,0,0,0.006,0.018,0.038,0.055,0.059,0.063,0.067,0,0,0,0,0,0,0.028,0.033,0.038,0.043,0,0.649,0.761,0.847,0.908,0.992,1,1,1,1,0,0.011,0.013,0.015,0.017,0.027,0.041,0.045,0.049,0.055,0,0.992,0.993,0.995,0.996,1.001,1.003,1.003,1.004,1.004,0,-8117.145,-8137.025,-8151.789,-8167.05,-8223.352,-8281.538,-8298.892,-8312.56,-8325.961,0
"62","cov",69,2,1,2,1000,2,2,0,6,4,"ACE",16976.11,17010.35,17036.6,17066.38,17185.03,17296.82,17331.28,17362.36,17392.15,0,16966.41,17000.65,17026.91,17056.68,17175.33,17287.12,17321.59,17352.66,17382.46,0,16988.82,17023.05,17049.31,17079.09,17197.74,17309.53,17343.99,17375.06,17404.86,0,0.982,0.987,0.99,0.993,1,1,1,1,1,0,2,2,2,2,2,2,2,2,2,0,0,0,0,0,0,0,0,0,0,0,520.248,538.029,549.966,564.932,621.343,682.108,699.417,715.536,734.08,0,6,6,6,6,6,6,6,6,6,0,0.0106,0.028,0.0551,0.1021,0.4931,0.9006,0.9488,0.9745,0.9892,0,0.895,1.246,1.651,2.197,5.402,10.583,12.302,14.132,16.661,0,-8479.207,-8496.325,-8509.454,-8524.341,-8583.667,-8639.561,-8656.794,-8672.33,-8687.228,0,0,0,0,0,0,0,0,0.011,0.019,0,0,0,0.003,0.017,0.039,0.054,0.058,0.062,0.067,0,0,0,0,0,0,0.028,0.032,0.037,0.042,0,0.664,0.78,0.853,0.909,0.992,1,1,1,1,0,0.01,0.012,0.014,0.017,0.027,0.041,0.046,0.05,0.055,0,0.994,0.996,0.997,0.998,1,1.002,1.002,1.003,1.003,0,-8475.449,-8493.689,-8506.825,-8521.447,-8580.65,-8636.754,-8654.018,-8668.68,-8684.673,0
"63","cov",71,1,2,2,1000,2,2,0,6,4,"ACE",16866.46,16896.26,16922.34,16951.88,17069.81,17182.47,17213.29,17242.02,17268.3,0,16856.77,16886.57,16912.65,16942.18,17060.12,17172.77,17203.59,17232.33,17258.6,0,16879.17,16908.97,16935.05,16964.59,17082.52,17195.18,17226,17254.73,17281.01,0,0.985,0.988,0.991,0.993,1,1,1,1,1,0,2,2,2,2,2,2,2,2,2,0,0,0,0,0,0,0,0,0,0,0,620.077,640.451,655.76,673.186,735.231,800.203,818.532,833.015,854.713,0,6,6,6,6,6,6,6,6,6,0,0.0103,0.0219,0.0476,0.0936,0.4933,0.8989,0.9471,0.9747,0.9906,0,0.851,1.24,1.673,2.214,5.402,10.834,12.724,14.783,16.701,0,-8424.384,-8439.284,-8452.323,-8467.091,-8526.059,-8582.387,-8597.797,-8612.162,-8625.301,0,0,0,0,0,0,0,0.003,0.014,0.019,0,0,0,0.005,0.018,0.039,0.055,0.059,0.063,0.067,0,0,0,0,0,0,0.028,0.033,0.038,0.042,0,0.661,0.752,0.838,0.901,0.992,1,1,1,1,0,0.01,0.012,0.014,0.016,0.027,0.041,0.046,0.05,0.056,0,0.995,0.996,0.997,0.998,1,1.002,1.002,1.002,1.002,0,-8421.752,-8436.187,-8449.617,-8463.859,-8522.997,-8579.308,-8594.596,-8609.61,-8623.369,0
"64","cov",72,2,2,2,1000,2,2,0,6,4,"ACE",17447.93,17485.09,17511.72,17542.4,17656.25,17772.02,17805.23,17834.88,17868.07,0,17438.24,17475.4,17502.03,17532.7,17646.56,17762.33,17795.54,17825.19,17858.37,0,17460.64,17497.8,17524.43,17555.1,17668.96,17784.73,17817.94,17847.59,17880.77,0,0.988,0.99,0.993,0.995,1,1,1,1,1,0,2,2,2,2,2,2,2,2,2,0,0,0,0,0,0,0,0,0,0,0,754.771,773.246,787.436,808.19,876.466,945.377,965.48,984.827,1004.632,0,6,6,6,6,6,6,6,6,6,0,0.0105,0.0272,0.0534,0.1042,0.4991,0.8969,0.9498,0.9739,0.9906,0,0.839,1.257,1.634,2.234,5.355,10.526,12.395,14.225,16.612,0,-8715.117,-8733.698,-8747.014,-8762.351,-8819.278,-8877.164,-8893.769,-8908.594,-8925.185,0,0,0,0,0,0,0,0,0.012,0.019,0,0,0,0,0.018,0.039,0.054,0.059,0.062,0.067,0,0,0,0,0,0,0.027,0.033,0.037,0.042,0,0.664,0.777,0.85,0.91,0.992,1,1,1,1,0,0.01,0.012,0.014,0.016,0.027,0.041,0.046,0.05,0.055,0,0.996,0.997,0.998,0.998,1,1.001,1.002,1.002,1.002,0,-8711.758,-8730.902,-8744.36,-8759.113,-8816.179,-8873.995,-8890.448,-8905.926,-8922.693,0
"65","uni",5,1,1,1,100,2,2,0,6,4,"ACE",1422.718,1432.62,1443.252,1454.153,1492.374,1528.197,1539.53,1547.111,1554.817,0,1422.198,1432.099,1442.731,1453.632,1491.853,1527.676,1539.009,1546.59,1554.297,0,1435.391,1445.292,1455.924,1466.826,1505.046,1540.869,1552.202,1559.783,1567.49,0,0.869,0.898,0.919,0.941,1,1,1,1,1,0,2,2,2,2,2,2,2,2,2,0,0,0,0,0,0,0,0,0,0,0,53.309,58.264,62.743,68.346,88.73,111.663,118.301,124.615,131.29,0,6,6,6,6,6,6,6,6,6,0,0.0099,0.0229,0.044,0.0891,0.4883,0.8957,0.9461,0.9731,0.99,0,0.853,1.269,1.682,2.245,5.441,10.973,12.932,14.661,16.787,0,-707.099,-712.049,-717.366,-722.816,-741.926,-759.838,-765.504,-769.295,-773.148,0,0,0,0,0,0,0,0.016,0.041,0.06,0,0,0,0.017,0.057,0.123,0.175,0.189,0.2,0.212,0,0,0,0,0,0,0.091,0.107,0.12,0.134,0,0.034,0.065,0.108,0.185,0.635,0.94,0.97,0.986,0.995,0,0.032,0.037,0.043,0.05,0.084,0.129,0.145,0.159,0.175,0,0.956,0.966,0.973,0.98,1.002,1.015,1.018,1.02,1.023,0,-704.167,-708.688,-714.029,-719.954,-738.759,-756.939,-762.635,-766.486,-770.787,0
"66","uni",6,2,1,1,100,2,2,0,6,4,"ACE",1511.913,1524.174,1533.49,1545.267,1582.699,1619.159,1629.591,1639.365,1648.404,0,1511.392,1523.653,1532.969,1544.746,1582.178,1618.638,1629.07,1638.845,1647.883,0,1524.585,1536.846,1546.162,1557.939,1595.371,1631.832,1642.263,1652.038,1661.076,0,0.896,0.92,0.94,0.957,1,1,1,1,1,0,2,2,2,2,2,2,2,2,2,0,0,0,0,0,0,0,0,0,0,0,73.961,78.949,84.292,90.756,112.947,136.862,143.856,150.577,157.892,0,6,6,6,6,6,6,6,6,6,0,0.0097,0.0231,0.0508,0.0953,0.49,0.9021,0.9514,0.9782,0.9925,0,0.782,1.165,1.616,2.184,5.427,10.782,12.545,14.639,16.862,0,-751.696,-757.826,-762.485,-768.373,-787.089,-805.319,-810.535,-815.422,-819.941,0,0,0,0,0,0,0,0,0.041,0.061,0,0,0,0,0.055,0.123,0.174,0.186,0.2,0.213,0,0,0,0,0,0,0.089,0.104,0.12,0.135,0,0.033,0.065,0.12,0.194,0.636,0.944,0.974,0.989,0.996,0,0.029,0.034,0.041,0.049,0.082,0.128,0.143,0.159,0.175,0,0.965,0.973,0.98,0.986,1.002,1.012,1.014,1.015,1.017,0,-748.87,-754.573,-759.264,-765.053,-784.159,-802.333,-807.455,-812.472,-817.409,0
"67","uni",8,1,2,1,100,2,2,0,6,4,"ACE",1494.736,1505.092,1514.991,1525.673,1563.08,1598.14,1608.171,1616.438,1625.446,0,1494.215,1504.571,1514.47,1525.152,1562.559,1597.619,1607.65,1615.918,1624.926,0,1507.409,1517.764,1527.664,1538.345,1575.753,1610.812,1620.843,1629.111,1638.119,0,0.912,0.935,0.948,0.964,1,1,1,1,1,0,2,2,2,2,2,2,2,2,2,0,0,0,0,0,0,0,0,0,0,0,89.046,96.737,102.759,109.143,134.142,159.705,167.05,174.397,184.384,0,6,6,6,6,6,6,6,6,6,0,0.0092,0.0232,0.0466,0.097,0.4913,0.8961,0.9471,0.9745,0.9916,0,0.811,1.247,1.671,2.241,5.418,10.731,12.779,14.587,16.988,0,-743.108,-748.286,-753.235,-758.576,-777.28,-794.809,-799.825,-803.959,-808.463,0,0,0,0,0,0,0,0.012,0.041,0.062,0,0,0,0.015,0.057,0.123,0.173,0.188,0.199,0.213,0,0,0,0,0,0,0.089,0.106,0.12,0.135,0,0.032,0.066,0.113,0.197,0.637,0.94,0.971,0.987,0.996,0,0.028,0.034,0.04,0.047,0.08,0.126,0.143,0.156,0.178,0,0.971,0.978,0.983,0.988,1.001,1.01,1.011,1.013,1.015,0,-739.48,-744.91,-749.771,-755.457,-774.329,-792.104,-796.646,-800.774,-806.238,0
"68","uni",9,2,2,1,100,2,2,0,6,4,"ACE",1567.246,1579.635,1589.492,1599.509,1637.018,1673.052,1682.465,1690.377,1699.091,0,1566.725,1579.114,1588.971,1598.988,1636.497,1672.531,1681.945,1689.856,1698.57,0,1579.918,1592.307,1602.164,1612.181,1649.691,1685.724,1695.138,1703.049,1711.763,0,0.92,0.94,0.953,0.966,1,1,1,1,1,0,2,2,2,2,2,2,2,2,2,0,0,0,0,0,0,0,0,0,0,0,102.817,110.395,116.252,122.664,148.633,175.468,183.527,189.815,197.649,0,6,6,6,6,6,6,6,6,6,0,0.007,0.0234,0.0482,0.0949,0.4981,0.8925,0.9449,0.9726,0.9887,0,0.899,1.28,1.698,2.275,5.361,10.78,12.689,14.593,17.575,0,-779.362,-785.557,-790.485,-795.494,-814.249,-832.266,-836.972,-840.928,-845.285,0,0,0,0,0,0,0,0.009,0.041,0.066,0,0,0,0.019,0.059,0.122,0.174,0.187,0.199,0.217,0,0,0,0,0,0,0.089,0.106,0.12,0.139,0,0.026,0.066,0.116,0.194,0.643,0.938,0.97,0.986,0.994,0,0.029,0.034,0.04,0.048,0.079,0.128,0.146,0.162,0.182,0,0.973,0.98,0.984,0.989,1.001,1.009,1.01,1.011,1.012,0,-776.666,-782.497,-787.043,-792.305,-811.231,-829.407,-834.139,-837.904,-842.448,0
"69","uni",14,1,1,2,100,2,2,0,6,4,"ACE",1581.316,1594.096,1602.806,1614.056,1651.027,1686.938,1697.838,1705.963,1715.836,0,1580.795,1593.575,1602.285,1613.535,1650.506,1686.417,1697.317,1705.442,1715.315,0,1593.988,1606.769,1615.479,1626.728,1663.699,1699.61,1710.51,1718.635,1728.509,0,0.713,0.786,0.836,0.883,1,1,1,1,1,0,2,2,2,2,2,2,2,2,2,0,0,0,0,0,0,0,0,0,0,0,19.833,23.55,26.678,30.405,45.511,62.961,68.308,74.311,81.465,0,6,6,6,6,6,6,6,6,6,0,0.0097,0.0244,0.0486,0.0896,0.4726,0.8894,0.9421,0.9721,0.9899,0,0.87,1.289,1.728,2.306,5.572,10.955,12.651,14.494,16.748,0,-786.398,-792.788,-797.143,-802.767,-821.253,-839.209,-844.659,-848.721,-853.658,0,0,0,0,0,0,0,0.007,0.04,0.06,0,0,0,0.023,0.06,0.125,0.175,0.187,0.199,0.212,0,0,0,0,0,0,0.091,0.105,0.119,0.134,0,0.033,0.068,0.116,0.185,0.621,0.936,0.968,0.985,0.995,0,0.032,0.039,0.046,0.054,0.088,0.131,0.146,0.162,0.179,0,0.904,0.929,0.945,0.961,1.003,1.03,1.037,1.046,1.056,0,-782.667,-789.408,-793.788,-799.504,-818.333,-836.096,-841.505,-845.834,-851.332,0
"70","uni",15,2,1,2,100,2,2,0,6,4,"ACE",1652.225,1664.896,1675.09,1684.357,1721.809,1757.47,1767.811,1776.41,1787.369,0,1651.704,1664.375,1674.57,1683.836,1721.288,1756.949,1767.291,1775.889,1786.848,0,1664.897,1677.569,1687.763,1697.029,1734.481,1770.142,1780.484,1789.082,1800.041,0,0.803,0.847,0.888,0.921,1,1,1,1,1,0,2,2,2,2,2,2,2,2,2,0,0,0,0,0,0,0,0,0,0,0,33.054,37.285,41.029,45.335,63.608,83.3,89.188,94.446,100.727,0,6,6,6,6,6,6,6,6,6,0,0.0117,0.0238,0.0492,0.097,0.4845,0.8914,0.9474,0.9711,0.9878,0,0.927,1.31,1.664,2.288,5.472,10.728,12.619,14.568,16.4,0,-821.852,-828.188,-833.285,-837.918,-856.644,-874.475,-879.645,-883.944,-889.424,0,0,0,0,0,0,0,0.005,0.04,0.057,0,0,0,0.013,0.059,0.124,0.173,0.187,0.199,0.21,0,0,0,0,0,0,0.089,0.105,0.119,0.132,0,0.038,0.067,0.117,0.197,0.631,0.938,0.971,0.985,0.994,0,0.032,0.039,0.045,0.052,0.085,0.13,0.145,0.158,0.179,0,0.934,0.949,0.963,0.974,1.003,1.021,1.025,1.03,1.035,0,-818.605,-825.113,-829.82,-834.758,-853.55,-871.643,-876.832,-881.032,-886.164,0
"71","uni",17,1,2,2,100,2,2,0,6,4,"ACE",1642.527,1654.711,1663.409,1673.712,1709.913,1745.987,1755.414,1764.524,1776.801,0,1642.007,1654.19,1662.888,1673.192,1709.392,1745.466,1754.894,1764.003,1776.28,0,1655.2,1667.383,1676.081,1686.385,1722.585,1758.66,1768.087,1777.196,1789.474,0,0.816,0.867,0.899,0.932,1,1,1,1,1,0,2,2,2,2,2,2,2,2,2,0,0,0,0,0,0,0,0,0,0,0,40.852,45.718,50.045,55.475,74.862,96.252,103.029,108.599,114.689,0,6,6,6,6,6,6,6,6,6,0,0.0071,0.0184,0.0396,0.0898,0.4838,0.8924,0.9433,0.9714,0.9866,0,0.971,1.303,1.721,2.277,5.48,10.95,13.212,15.241,17.645,0,-817.003,-823.095,-827.444,-832.596,-850.696,-868.733,-873.447,-878.001,-884.14,0,0,0,0,0,0,0,0.022,0.047,0.067,0,0,0,0.023,0.059,0.124,0.175,0.191,0.203,0.217,0,0,0,0,0,0,0.091,0.11,0.124,0.139,0,0.026,0.055,0.099,0.186,0.631,0.938,0.969,0.985,0.993,0,0.033,0.038,0.044,0.052,0.084,0.132,0.149,0.164,0.183,0,0.939,0.956,0.966,0.977,1.002,1.018,1.021,1.025,1.028,0,-813.244,-819.461,-824.153,-829.217,-847.643,-865.71,-870.471,-875.283,-881.214,0
"72","uni",18,2,2,2,100,2,2,0,6,4,"ACE",1699.284,1710.428,1720.164,1731.212,1768.62,1805.012,1816.261,1825.611,1834.668,0,1698.763,1709.908,1719.643,1730.691,1768.099,1804.491,1815.74,1825.09,1834.147,0,1711.956,1723.101,1732.837,1743.885,1781.293,1817.685,1828.933,1838.283,1847.34,0,0.872,0.896,0.921,0.946,1,1,1,1,1,0,2,2,2,2,2,2,2,2,2,0,0,0,0,0,0,0,0,0,0,0,52.768,58.391,63.163,68.158,88.796,111.373,118.177,124.057,131.103,0,6,6,6,6,6,6,6,6,6,0,0.0107,0.0263,0.0509,0.1003,0.5041,0.9011,0.9502,0.9761,0.9908,0,0.845,1.211,1.628,2.193,5.314,10.629,12.541,14.312,16.493,0,-845.381,-850.954,-855.822,-861.346,-880.05,-898.246,-903.87,-908.545,-913.074,0,0,0,0,0,0,0,0,0.038,0.058,0,0,0,0,0.055,0.121,0.172,0.186,0.198,0.211,0,0,0,0,0,0,0.088,0.104,0.118,0.132,0,0.036,0.072,0.12,0.202,0.648,0.943,0.973,0.987,0.995,0,0.03,0.036,0.043,0.05,0.083,0.129,0.144,0.159,0.175,0,0.957,0.965,0.974,0.982,1.003,1.015,1.018,1.021,1.024,0,-841.786,-847.764,-852.571,-858.213,-877.126,-895.673,-900.953,-905.886,-910.775,0
"73","uni",23,1,1,1,250,2,2,0,6,4,"ACE",3620.8,3637.703,3652.801,3669.06,3726.747,3780.987,3797.271,3814.098,3830.131,0,3616.638,3633.54,3648.639,3664.898,3722.585,3776.824,3793.109,3809.936,3825.969,0,3633.496,3650.399,3665.497,3681.757,3739.443,3793.683,3809.967,3826.794,3842.828,0,0.952,0.961,0.969,0.978,1,1,1,1,1,0,2,2,2,2,2,2,2,2,2,0,0,0,0,0,0,0,0,0,0,0,161.343,170.564,178.615,187.942,220.668,255.026,265.61,275.333,284.947,0,6,6,6,6,6,6,6,6,6,0,0.0099,0.0269,0.0502,0.099,0.4921,0.8978,0.9491,0.9748,0.9911,0,0.831,1.241,1.647,2.221,5.411,10.662,12.573,14.233,16.807,0,-1804.319,-1812.77,-1820.319,-1828.449,-1857.292,-1884.412,-1892.554,-1900.968,-1908.985,0,0,0,0,0,0,0,0,0.023,0.038,0,0,0,0.005,0.036,0.078,0.109,0.118,0.125,0.134,0,0,0,0,0,0,0.056,0.066,0.074,0.085,0,0.098,0.178,0.254,0.368,0.791,0.975,0.989,0.995,0.998,0,0.019,0.023,0.027,0.032,0.052,0.079,0.088,0.098,0.108,0,0.984,0.987,0.99,0.993,1.001,1.006,1.007,1.008,1.008,0,-1801.799,-1809.689,-1817.148,-1825.237,-1854.173,-1881.194,-1890.075,-1897.556,-1904.897,0
"74","uni",24,2,1,1,250,2,2,0,6,4,"ACE",3847.509,3867.623,3880.956,3897.34,3955.112,4013.418,4029.028,4042.524,4057.487,0,3843.347,3863.461,3876.793,3893.178,3950.95,4009.256,4024.865,4038.362,4053.325,0,3860.205,3880.319,3893.652,3910.036,3967.808,4026.114,4041.724,4055.22,4070.184,0,0.957,0.967,0.976,0.983,1,1,1,1,1,0,2,2,2,2,2,2,2,2,2,0,0,0,0,0,0,0,0,0,0,0,215.462,224.965,234.078,244.215,279.568,316.188,327.361,336.416,347.328,0,6,6,6,6,6,6,6,6,6,0,0.0081,0.0202,0.0481,0.1,0.4994,0.9055,0.951,0.9747,0.9883,0,0.919,1.24,1.617,2.148,5.347,10.638,12.693,14.994,17.335,0,-1917.673,-1927.73,-1934.397,-1942.589,-1971.475,-2000.628,-2008.433,-2015.181,-2022.663,0,0,0,0,0,0,0,0.006,0.028,0.041,0,0,0,0,0.034,0.077,0.109,0.118,0.128,0.136,0,0,0,0,0,0,0.056,0.067,0.077,0.087,0,0.086,0.15,0.248,0.37,0.795,0.977,0.989,0.995,0.998,0,0.019,0.022,0.027,0.031,0.051,0.079,0.088,0.096,0.105,0,0.986,0.989,0.992,0.994,1.001,1.005,1.005,1.006,1.006,0,-1914.635,-1923.93,-1930.87,-1939.423,-1968.416,-1997.785,-2005.338,-2012.166,-2020.065,0
"75","uni",26,1,2,1,250,2,2,0,6,4,"ACE",3796.457,3812.917,3827.843,3842.971,3901.7,3957.555,3972.008,3986.979,4001.956,0,3792.295,3808.755,3823.681,3838.809,3897.537,3953.393,3967.845,3982.816,3997.793,0,3809.153,3825.613,3840.539,3855.667,3914.396,3970.252,3984.704,3999.675,4014.652,0,0.966,0.975,0.98,0.986,1,1,1,1,1,0,2,2,2,2,2,2,2,2,2,0,0,0,0,0,0,0,0,0,0,0,266.359,275.168,283.516,294.049,331.936,372.459,383.921,394.803,406.983,0,6,6,6,6,6,6,6,6,6,0,0.0094,0.0257,0.0533,0.1003,0.4962,0.8969,0.9487,0.9736,0.9896,0,0.886,1.258,1.652,2.225,5.376,10.628,12.41,14.299,16.907,0,-1892.147,-1900.377,-1907.84,-1915.404,-1944.769,-1972.697,-1979.923,-1987.408,-1994.897,0,0,0,0,0,0,0,0,0.024,0.039,0,0,0,0.006,0.036,0.077,0.109,0.117,0.125,0.135,0,0,0,0,0,0,0.056,0.065,0.074,0.085,0,0.095,0.173,0.263,0.371,0.793,0.975,0.989,0.995,0.998,0,0.018,0.022,0.025,0.03,0.05,0.077,0.086,0.094,0.106,0,0.989,0.992,0.993,0.995,1.001,1.004,1.004,1.005,1.005,0,-1888.725,-1897.281,-1904.349,-1912.292,-1941.789,-1969.817,-1977.299,-1984.782,-1992.495,0
"76","uni",27,2,2,1,250,2,2,0,6,4,"ACE",3984.473,3998.009,4012.745,4030.491,4087.636,4144.227,4161.025,4174.235,4190.735,0,3980.311,3993.847,4008.583,4026.329,4083.474,4140.065,4156.863,4170.073,4186.573,0,3997.169,4010.706,4025.441,4043.187,4100.332,4156.923,4173.721,4186.931,4203.431,0,0.971,0.977,0.982,0.987,1,1,1,1,1,0,2,2,2,2,2,2,2,2,2,0,0,0,0,0,0,0,0,0,0,0,298.036,308.535,317.878,329.172,368.314,411.359,422.964,434.184,446.019,0,6,6,6,6,6,6,6,6,6,0,0.0113,0.0256,0.0494,0.1004,0.4798,0.9016,0.952,0.9778,0.9927,0,0.774,1.181,1.606,2.185,5.505,10.63,12.604,14.385,16.5,0,-1986.155,-1992.924,-2000.291,-2009.165,-2037.737,-2066.032,-2074.431,-2081.036,-2089.286,0,0,0,0,0,0,0,0.002,0.024,0.037,0,0,0,0,0.035,0.078,0.109,0.118,0.125,0.133,0,0,0,0,0,0,0.056,0.066,0.075,0.084,0,0.106,0.173,0.252,0.371,0.783,0.976,0.99,0.996,0.999,0,0.017,0.021,0.025,0.029,0.05,0.077,0.087,0.094,0.106,0,0.99,0.992,0.994,0.996,1,1.003,1.004,1.004,1.005,0,-1983.129,-1990.002,-1997.327,-2005.969,-2034.603,-2063.214,-2071.388,-2077.821,-2086.007,0
"77","uni",32,1,1,2,250,2,2,0,6,4,"ACE",4021.612,4035.993,4048.341,4064.797,4122.747,4178.756,4194.516,4208.024,4223.385,0,4017.45,4031.831,4044.178,4060.634,4118.585,4174.594,4190.354,4203.861,4219.223,0,4034.308,4048.689,4061.037,4077.493,4135.444,4191.452,4207.213,4220.72,4236.082,0,0.892,0.916,0.938,0.957,1,1,1,1,1,0,2,2,2,2,2,2,2,2,2,0,0,0,0,0,0,0,0,0,0,0,69.367,75.096,80.664,87.073,110.466,137.005,145.058,152.207,160.693,0,6,6,6,6,6,6,6,6,6,0,0.0082,0.0238,0.0519,0.1,0.4973,0.8963,0.9433,0.9724,0.9874,0,0.942,1.277,1.722,2.24,5.369,10.639,12.489,14.534,17.293,0,-2004.725,-2011.915,-2018.089,-2026.317,-2055.293,-2083.297,-2091.177,-2097.931,-2105.612,0,0,0,0,0,0,0,0,0.025,0.041,0,0,0,0.014,0.036,0.077,0.109,0.117,0.126,0.136,0,0,0,0,0,0,0.056,0.066,0.075,0.087,0,0.087,0.165,0.259,0.37,0.794,0.974,0.987,0.994,0.998,0,0.022,0.026,0.029,0.034,0.054,0.08,0.088,0.096,0.104,0,0.964,0.972,0.979,0.986,1.002,1.012,1.014,1.016,1.018,0,-2001.523,-2008.849,-2015.163,-2023.24,-2052.424,-2080.319,-2088.474,-2095.223,-2102.62,0
"78","uni",33,2,1,2,250,2,2,0,6,4,"ACE",4194.471,4213.953,4226.096,4241.434,4300.371,4359.054,4376.214,4389.513,4407.566,0,4190.308,4209.79,4221.934,4237.272,4296.208,4354.892,4372.051,4385.351,4403.403,0,4207.167,4226.649,4238.793,4254.13,4313.067,4371.751,4388.91,4402.209,4420.262,0,0.923,0.941,0.956,0.969,1,1,1,1,1,0,2,2,2,2,2,2,2,2,2,0,0,0,0,0,0,0,0,0,0,0,107.256,115.251,121.771,128.41,156.647,187.013,196.638,203.381,212.944,0,6,6,6,6,6,6,6,6,6,0,0.0081,0.0238,0.0479,0.0963,0.4869,0.9058,0.95,0.9746,0.9908,0,0.836,1.244,1.627,2.146,5.455,10.748,12.698,14.574,17.156,0,-2091.154,-2100.895,-2106.967,-2114.636,-2144.104,-2173.446,-2182.026,-2188.676,-2197.702,0,0,0,0,0,0,0,0.006,0.026,0.04,0,0,0,0,0.033,0.078,0.11,0.118,0.126,0.135,0,0,0,0,0,0,0.056,0.067,0.076,0.086,0,0.087,0.165,0.248,0.363,0.787,0.977,0.989,0.995,0.998,0,0.02,0.024,0.028,0.032,0.053,0.079,0.088,0.096,0.11,0,0.974,0.98,0.985,0.99,1.001,1.008,1.01,1.011,1.012,0,-2087.594,-2096.462,-2103.923,-2111.376,-2140.98,-2170.393,-2179.039,-2185.933,-2194.041,0
"79","uni",35,1,2,2,250,2,2,0,6,4,"ACE",4170.958,4184.711,4196.574,4213.345,4272.561,4328.352,4343.964,4358.729,4372.162,0,4166.796,4180.548,4192.412,4209.182,4268.399,4324.189,4339.802,4354.567,4368,0,4183.654,4197.407,4209.27,4226.041,4285.258,4341.048,4356.66,4371.425,4384.858,0,0.936,0.95,0.962,0.973,1,1,1,1,1,0,2,2,2,2,2,2,2,2,2,0,0,0,0,0,0,0,0,0,0,0,131.582,139.047,146.148,154.383,184.287,216.823,225.783,234.41,244.637,0,6,6,6,6,6,6,6,6,6,0,0.0087,0.021,0.0442,0.0926,0.4972,0.901,0.9487,0.9732,0.9918,0,0.805,1.268,1.649,2.193,5.369,10.864,12.92,14.876,17.083,0,-2079.398,-2086.274,-2092.206,-2100.591,-2130.2,-2158.095,-2165.901,-2173.283,-2180,0,0,0,0,0,0,0,0.01,0.028,0.04,0,0,0,0.006,0.035,0.077,0.11,0.119,0.127,0.135,0,0,0,0,0,0,0.057,0.068,0.077,0.086,0,0.091,0.154,0.236,0.355,0.794,0.976,0.989,0.995,0.998,0,0.019,0.024,0.027,0.032,0.052,0.08,0.088,0.099,0.111,0,0.979,0.983,0.987,0.991,1.001,1.007,1.008,1.009,1.01,0,-2075.19,-2082.841,-2089.512,-2097.559,-2126.832,-2155.139,-2162.606,-2170.194,-2176.879,0
"80","uni",36,2,2,2,250,2,2,0,6,4,"ACE",4317.359,4330.991,4343.78,4360.552,4419.228,4476.598,4492.061,4503.053,4523.274,0,4313.197,4326.829,4339.618,4356.39,4415.065,4472.436,4487.899,4498.891,4519.111,0,4330.056,4343.687,4356.477,4373.248,4431.924,4489.294,4504.757,4515.75,4535.97,0,0.949,0.96,0.969,0.978,1,1,1,1,1,0,2,2,2,2,2,2,2,2,2,0,0,0,0,0,0,0,0,0,0,0,161.569,170.385,177.243,186.74,219.729,255.206,265.408,274.658,286.742,0,6,6,6,6,6,6,6,6,6,0,0.0094,0.0226,0.0477,0.0967,0.4971,0.9006,0.947,0.9746,0.9905,0,0.849,1.241,1.673,2.194,5.368,10.732,12.702,14.691,16.814,0,-2152.599,-2159.414,-2165.809,-2174.195,-2203.533,-2232.218,-2239.949,-2245.446,-2255.556,0,0,0,0,0,0,0,0.006,0.026,0.038,0,0,0,0.01,0.035,0.077,0.11,0.118,0.126,0.134,0,0,0,0,0,0,0.056,0.067,0.076,0.085,0,0.095,0.161,0.247,0.364,0.794,0.976,0.988,0.995,0.998,0,0.02,0.023,0.027,0.032,0.052,0.078,0.088,0.096,0.107,0,0.983,0.987,0.99,0.993,1.001,1.006,1.007,1.008,1.008,0,-2148.979,-2156.321,-2162.877,-2171.095,-2200.524,-2228.925,-2236.486,-2242.918,-2251.558,0
"81","uni",41,1,1,1,500,2,2,0,6,4,"ACE",7301.037,7324.588,7341.446,7364.292,7446.557,7528.802,7552.944,7573.624,7593.668,0,7294.111,7317.662,7334.519,7357.365,7439.631,7521.875,7546.017,7566.697,7586.741,0,7313.742,7337.293,7354.15,7376.996,7459.262,7541.506,7565.648,7586.328,7606.372,0,0.975,0.98,0.985,0.989,1,1,1,1,1,0,2,2,2,2,2,2,2,2,2,0,0,0,0,0,0,0,0,0,0,0,354.631,367.888,377.97,391.889,438.911,488.153,501.819,514.2,529.752,0,6,6,6,6,6,6,6,6,6,0,0.011,0.0243,0.0474,0.0958,0.4835,0.8997,0.95,0.9741,0.9877,0,0.93,1.251,1.631,2.206,5.482,10.769,12.725,14.515,16.498,0,-3643.055,-3654.831,-3663.26,-3674.683,-3715.815,-3756.937,-3769.009,-3779.348,-3789.371,0,0,0,0,0,0,0,0.005,0.018,0.026,0,0,0,0,0.025,0.055,0.078,0.084,0.089,0.094,0,0,0,0,0,0,0.04,0.047,0.053,0.059,0,0.281,0.384,0.491,0.618,0.92,0.994,0.998,0.999,1,0,0.014,0.017,0.019,0.022,0.037,0.055,0.061,0.066,0.074,0,0.992,0.993,0.995,0.996,1,1.003,1.003,1.004,1.004,0,-3639.729,-3651.938,-3660.462,-3671.33,-3712.809,-3754.259,-3766.329,-3776.64,-3786.321,0
"82","uni",42,2,1,1,500,2,2,0,6,4,"ACE",7758,7780.419,7798.705,7821.197,7901.339,7981.168,8002.595,8023.392,8045.644,0,7751.073,7773.492,7791.778,7814.271,7894.413,7974.241,7995.668,8016.465,8038.717,0,7770.705,7793.123,7811.409,7833.902,7914.044,7993.872,8015.299,8036.096,8058.348,0,0.981,0.985,0.988,0.992,1,1,1,1,1,0,2,2,2,2,2,2,2,2,2,0,0,0,0,0,0,0,0,0,0,0,467.078,481.711,492.94,508.569,558.697,610.726,625.645,640.987,655.232,0,6,6,6,6,6,6,6,6,6,0,0.0102,0.0264,0.052,0.1039,0.5062,0.9079,0.9526,0.9778,0.9921,0,0.798,1.171,1.592,2.123,5.297,10.527,12.482,14.295,16.716,0,-3871.537,-3882.746,-3891.889,-3903.135,-3943.206,-3983.121,-3993.834,-4004.232,-4015.359,0,0,0,0,0,0,0,0,0.017,0.027,0,0,0,0,0.023,0.054,0.077,0.083,0.088,0.095,0,0,0,0,0,0,0.039,0.046,0.053,0.06,0,0.272,0.397,0.507,0.634,0.927,0.995,0.998,0.999,1,0,0.013,0.015,0.018,0.021,0.036,0.054,0.06,0.066,0.073,0,0.994,0.995,0.996,0.997,1,1.002,1.003,1.003,1.003,0,-3868.284,-3879.573,-3887.969,-3899.887,-3940.436,-3980.208,-3991.253,-4001.735,-4013.232,0
"83","uni",44,1,2,1,500,2,2,0,6,4,"ACE",7643.348,7674.716,7690.986,7714.571,7798.71,7880.459,7903.489,7926.188,7948.93,0,7636.422,7667.789,7684.059,7707.644,7791.783,7873.532,7896.562,7919.262,7942.003,0,7656.053,7687.42,7703.69,7727.275,7811.414,7893.163,7916.193,7938.893,7961.634,0,0.984,0.988,0.99,0.993,1,1,1,1,1,0,2,2,2,2,2,2,2,2,2,0,0,0,0,0,0,0,0,0,0,0,564.344,578.875,591.37,607.919,663.035,719.752,735.221,748.049,768.236,0,6,6,6,6,6,6,6,6,6,0,0.0102,0.0254,0.0508,0.1017,0.5026,0.9015,0.9499,0.9738,0.9897,0,0.875,1.255,1.636,2.188,5.326,10.595,12.538,14.407,16.722,0,-3814.211,-3829.895,-3838.03,-3849.822,-3891.892,-3932.766,-3944.281,-3955.631,-3967.002,0,0,0,0,0,0,0,0,0.017,0.027,0,0,0,0.001,0.025,0.054,0.077,0.083,0.089,0.095,0,0,0,0,0,0,0.039,0.047,0.053,0.06,0,0.272,0.391,0.503,0.63,0.926,0.994,0.998,0.999,1,0,0.012,0.015,0.018,0.021,0.035,0.053,0.06,0.066,0.073,0,0.995,0.996,0.997,0.998,1,1.002,1.002,1.002,1.003,0,-3812.018,-3826.855,-3835.01,-3846.744,-3888.867,-3930.084,-3941.736,-3952.407,-3964.592,0
"84","uni",45,2,2,1,500,2,2,0,6,4,"ACE",8023.884,8046.239,8068.305,8090.468,8172.284,8250.174,8273.093,8293.611,8313.936,0,8016.957,8039.313,8061.378,8083.541,8165.357,8243.247,8266.166,8286.685,8307.009,0,8036.588,8058.944,8081.009,8103.172,8184.988,8262.878,8285.797,8306.316,8326.64,0,0.985,0.988,0.991,0.993,1,1,1,1,1,0,2,2,2,2,2,2,2,2,2,0,0,0,0,0,0,0,0,0,0,0,630.65,647.789,662.563,678.186,735.111,794.743,811.989,826.139,839.948,0,6,6,6,6,6,6,6,6,6,0,0.0096,0.0227,0.0472,0.0949,0.4882,0.8982,0.9533,0.9763,0.9906,0,0.853,1.21,1.59,2.218,5.444,10.788,12.719,14.679,16.891,0,-4004.479,-4015.656,-4026.689,-4037.77,-4078.679,-4117.624,-4129.083,-4139.342,-4149.505,0,0,0,0,0,0,0,0.005,0.019,0.027,0,0,0,0,0.025,0.055,0.078,0.084,0.089,0.095,0,0,0,0,0,0,0.04,0.047,0.054,0.06,0,0.265,0.375,0.49,0.617,0.922,0.994,0.998,0.999,1,0,0.012,0.015,0.018,0.021,0.035,0.055,0.062,0.067,0.074,0,0.995,0.996,0.997,0.998,1,1.002,1.002,1.002,1.002,0,-4000.315,-4011.643,-4023.602,-4034.624,-4075.67,-4114.815,-4126.31,-4135.754,-4146.592,0
"85","uni",50,1,1,2,500,2,2,0,6,4,"ACE",8095.1,8115.615,8134.712,8157.369,8241.034,8319.93,8342.197,8361.193,8383.696,0,8088.173,8108.688,8127.785,8150.442,8234.107,8313.004,8335.271,8354.266,8376.769,0,8107.804,8128.319,8147.416,8170.073,8253.738,8332.635,8354.902,8373.897,8396.4,0,0.949,0.958,0.968,0.978,1,1,1,1,1,0,2,2,2,2,2,2,2,2,2,0,0,0,0,0,0,0,0,0,0,0,156.771,168.076,177.388,187.43,221.043,257.466,269.265,278.512,290.308,0,6,6,6,6,6,6,6,6,6,0,0.0081,0.0222,0.0471,0.0959,0.4922,0.8959,0.9478,0.9714,0.991,0,0.838,1.297,1.661,2.243,5.409,10.756,12.745,14.724,17.33,0,-4040.087,-4050.344,-4059.893,-4071.221,-4113.054,-4152.502,-4163.635,-4173.133,-4184.385,0,0,0,0,0,0,0,0.005,0.019,0.029,0,0,0,0.006,0.026,0.055,0.078,0.084,0.089,0.096,0,0,0,0,0,0,0.04,0.047,0.054,0.061,0,0.247,0.372,0.49,0.619,0.923,0.994,0.998,0.999,1,0,0.015,0.018,0.02,0.024,0.038,0.056,0.062,0.068,0.073,0,0.983,0.986,0.989,0.993,1.001,1.006,1.007,1.007,1.008,0,-4036.184,-4047.11,-4056.633,-4068.077,-4109.723,-4149.473,-4160.64,-4170.6,-4180.212,0
"86","uni",51,2,1,2,500,2,2,0,6,4,"ACE",8447.589,8468.827,8489.632,8512.438,8593.888,8678.12,8700.196,8721.189,8745.837,0,8440.662,8461.901,8482.705,8505.511,8586.962,8671.194,8693.269,8714.263,8738.91,0,8460.293,8481.532,8502.336,8525.142,8606.593,8690.825,8712.9,8733.894,8758.541,0,0.961,0.971,0.977,0.984,1,1,1,1,1,0,2,2,2,2,2,2,2,2,2,0,0,0,0,0,0,0,0,0,0,0,239.565,250.346,260.031,270.548,312.001,354.791,366.797,376.907,389.064,0,6,6,6,6,6,6,6,6,6,0,0.0076,0.0196,0.0437,0.0943,0.5051,0.9095,0.9548,0.9771,0.9916,0,0.816,1.195,1.567,2.106,5.307,10.809,12.948,15.057,17.47,0,-4216.331,-4226.95,-4237.352,-4248.755,-4289.481,-4331.597,-4342.634,-4353.131,-4365.455,0,0,0,0,0,0,0,0.008,0.02,0.029,0,0,0,0,0.023,0.054,0.078,0.084,0.09,0.097,0,0,0,0,0,0,0.04,0.048,0.055,0.062,0,0.241,0.354,0.477,0.615,0.927,0.995,0.998,0.999,1,0,0.014,0.017,0.019,0.023,0.037,0.056,0.062,0.068,0.074,0,0.987,0.99,0.992,0.995,1.001,1.004,1.005,1.005,1.006,0,-4213.208,-4224.4,-4234.565,-4245.202,-4286.564,-4328.355,-4339.151,-4349.997,-4362.655,0
"87","uni",53,1,2,2,500,2,2,0,6,4,"ACE",8386.661,8414.935,8435.822,8457.264,8538.8,8619.005,8640.274,8659.023,8686.523,0,8379.735,8408.009,8428.895,8450.337,8531.873,8612.078,8633.347,8652.096,8679.596,0,8399.366,8427.64,8448.526,8469.968,8551.504,8631.709,8652.978,8671.727,8699.227,0,0.969,0.976,0.982,0.987,1,1,1,1,1,0,2,2,2,2,2,2,2,2,2,0,0,0,0,0,0,0,0,0,0,0,287.936,300.952,310.713,323.926,367.674,413.521,426.258,439.816,456.834,0,6,6,6,6,6,6,6,6,6,0,0.0085,0.0248,0.05,0.1022,0.5074,0.9097,0.9535,0.9762,0.9892,0,0.894,1.211,1.587,2.103,5.287,10.578,12.583,14.468,17.012,0,-4185.867,-4200.004,-4210.447,-4221.169,-4261.937,-4302.039,-4312.674,-4322.048,-4335.798,0,0,0,0,0,0,0,0,0.018,0.028,0,0,0,0,0.023,0.054,0.077,0.083,0.089,0.095,0,0,0,0,0,0,0.039,0.047,0.053,0.061,0,0.253,0.387,0.5,0.631,0.927,0.995,0.998,0.999,1,0,0.014,0.017,0.019,0.022,0.037,0.055,0.061,0.067,0.074,0,0.99,0.992,0.994,0.996,1.001,1.004,1.004,1.004,1.005,0,-4182.08,-4196.295,-4207.416,-4218.134,-4258.927,-4298.495,-4309.742,-4319.299,-4332.848,0
"88","uni",54,2,2,2,500,2,2,0,6,4,"ACE",8680.8,8704.963,8725.85,8747.849,8832.366,8915.895,8938.123,8957.233,8976.239,0,8673.874,8698.036,8718.923,8740.922,8825.44,8908.968,8931.196,8950.306,8969.312,0,8693.505,8717.667,8738.554,8760.553,8845.071,8928.599,8950.827,8969.938,8988.943,0,0.974,0.981,0.985,0.989,1,1,1,1,1,0,2,2,2,2,2,2,2,2,2,0,0,0,0,0,0,0,0,0,0,0,355.224,369.629,380.667,394.095,438.862,488.867,502.171,515.907,529.631,0,6,6,6,6,6,6,6,6,6,0,0.0081,0.0259,0.0485,0.1007,0.4946,0.8978,0.9461,0.9734,0.9887,0,0.901,1.265,1.687,2.225,5.392,10.621,12.675,14.32,17.196,0,-4332.937,-4345.018,-4355.461,-4366.461,-4408.72,-4450.484,-4461.598,-4471.153,-4480.656,0,0,0,0,0,0,0,0.004,0.017,0.028,0,0,0,0.008,0.025,0.055,0.077,0.084,0.088,0.096,0,0,0,0,0,0,0.039,0.047,0.053,0.061,0,0.246,0.394,0.494,0.628,0.924,0.994,0.997,0.999,1,0,0.014,0.017,0.02,0.023,0.036,0.055,0.061,0.067,0.074,0,0.991,0.994,0.995,0.996,1,1.003,1.003,1.004,1.004,0,-4328.55,-4341.822,-4352.395,-4363.578,-4405.727,-4447.37,-4458.676,-4468.257,-4478.06,0
"89","uni",59,1,1,1,1000,2,2,0,6,4,"ACE",14684.35,14714.26,14739,14770.19,14886.3,14996.53,15029.24,15056.77,15086.23,0,14674.65,14704.57,14729.3,14760.49,14876.61,14986.83,15019.55,15047.07,15076.54,0,14697.05,14726.97,14751.71,14782.9,14899.01,15009.24,15041.95,15069.48,15098.94,0,0.987,0.99,0.993,0.995,1,1,1,1,1,0,2,2,2,2,2,2,2,2,2,0,0,0,0,0,0,0,0,0,0,0,757.761,772.149,788.254,808.132,877.274,945.146,966.329,980.994,999.568,0,6,6,6,6,6,6,6,6,6,0,0.0084,0.0229,0.0527,0.1008,0.4934,0.9007,0.9465,0.9742,0.9887,0,0.905,1.251,1.682,2.194,5.4,10.622,12.43,14.662,17.196,0,-7333.325,-7348.284,-7360.652,-7376.247,-7434.304,-7489.416,-7505.773,-7519.536,-7534.268,0,0,0,0,0,0,0,0,0.013,0.02,0,0,0,0.005,0.017,0.039,0.055,0.059,0.063,0.068,0,0,0,0,0,0,0.028,0.033,0.038,0.043,0,0.636,0.757,0.848,0.908,0.992,1,1,1,1,0,0.01,0.012,0.014,0.016,0.026,0.038,0.043,0.047,0.052,0,0.996,0.997,0.998,0.998,1,1.001,1.002,1.002,1.002,0,-7329.266,-7345.174,-7357.508,-7373.205,-7431.148,-7486.61,-7502.479,-7516.509,-7531.378,0
"90","uni",60,2,1,1,1000,2,2,0,6,4,"ACE",15584.41,15620.39,15647.45,15678.15,15792.99,15906.47,15937.93,15971.21,16004.56,0,15574.71,15610.7,15637.76,15668.45,15783.29,15896.77,15928.24,15961.51,15994.87,0,15597.11,15633.1,15660.16,15690.85,15805.69,15919.17,15950.64,15983.92,16017.27,0,0.99,0.992,0.994,0.996,1,1,1,1,1,0,2,2,2,2,2,2,2,2,2,0,0,0,0,0,0,0,0,0,0,0,983.559,1005.042,1024.307,1043.028,1114.333,1189.535,1209.668,1227.81,1252.207,0,6,6,6,6,6,6,6,6,6,0,0.0095,0.0254,0.0513,0.0993,0.4943,0.8975,0.9502,0.9746,0.9917,0,0.805,1.244,1.631,2.228,5.394,10.657,12.519,14.399,16.861,0,-7783.355,-7801.349,-7814.879,-7830.225,-7887.646,-7944.385,-7960.118,-7976.756,-7993.434,0,0,0,0,0,0,0,0,0.012,0.019,0,0,0,0,0.018,0.039,0.055,0.059,0.063,0.067,0,0,0,0,0,0,0.028,0.033,0.037,0.043,0,0.651,0.769,0.846,0.906,0.992,1,1,1,1,0,0.009,0.011,0.013,0.015,0.025,0.038,0.042,0.046,0.052,0,0.997,0.997,0.998,0.999,1,1.001,1.001,1.001,1.002,0,-7781.066,-7797.715,-7812.397,-7827.418,-7884.561,-7941.661,-7956.941,-7973.879,-7990.248,0
"91","uni",62,1,2,1,1000,2,2,0,6,4,"ACE",15388.25,15415.47,15442.79,15474.22,15588.12,15703.41,15735.61,15765.85,15791.75,0,15378.56,15405.78,15433.09,15464.53,15578.43,15693.71,15725.91,15756.15,15782.06,0,15400.96,15428.18,15455.5,15486.93,15600.83,15716.11,15748.32,15778.56,15804.46,0,0.992,0.994,0.995,0.997,1,1,1,1,1,0,2,2,2,2,2,2,2,2,2,0,0,0,0,0,0,0,0,0,0,0,1182.629,1203.934,1222.063,1245.316,1323.596,1404.434,1427.952,1445.397,1469.046,0,6,6,6,6,6,6,6,6,6,0,0.0119,0.0289,0.0557,0.1017,0.5007,0.9055,0.9478,0.9759,0.9886,0,0.912,1.215,1.664,2.148,5.341,10.58,12.287,14.063,16.288,0,-7685.28,-7698.889,-7712.547,-7728.264,-7785.215,-7842.855,-7858.956,-7874.077,-7887.029,0,0,0,0,0,0,0,0,0.011,0.018,0,0,0,0.004,0.017,0.039,0.054,0.058,0.062,0.066,0,0,0,0,0,0,0.028,0.032,0.037,0.041,0,0.679,0.784,0.854,0.908,0.992,1,1,1,1,0,0.009,0.011,0.013,0.015,0.024,0.038,0.042,0.046,0.05,0,0.997,0.998,0.998,0.999,1,1.001,1.001,1.001,1.001,0,-7681.248,-7696.067,-7708.935,-7725.409,-7782.289,-7840.13,-7856.035,-7870.789,-7884.028,0
"92","uni",63,2,2,1,1000,2,2,0,6,4,"ACE",16128.99,16157.51,16188.31,16221.63,16337.63,16450.03,16480.33,16508.63,16540.19,0,16119.29,16147.81,16178.61,16211.94,16327.93,16440.34,16470.64,16498.93,16530.5,0,16141.7,16170.22,16201.02,16234.34,16350.34,16462.74,16493.04,16521.34,16552.9,0,0.992,0.994,0.995,0.997,1,1,1,1,1,0,2,2,2,2,2,2,2,2,2,0,0,0,0,0,0,0,0,0,0,0,1331.485,1349.897,1370.884,1391.982,1469.949,1552.389,1577.634,1594.95,1617.308,0,6,6,6,6,6,6,6,6,6,0,0.0102,0.0243,0.0477,0.0954,0.4996,0.9009,0.9513,0.9742,0.9903,0,0.864,1.247,1.617,2.194,5.35,10.78,12.719,14.509,16.684,0,-8055.647,-8069.907,-8085.307,-8101.969,-8159.967,-8216.169,-8231.318,-8245.467,-8261.25,0,0,0,0,0,0,0,0.003,0.013,0.019,0,0,0,0,0.017,0.039,0.055,0.059,0.063,0.067,0,0,0,0,0,0,0.028,0.033,0.038,0.042,0,0.66,0.764,0.838,0.903,0.992,1,1,1,1,0,0.009,0.011,0.012,0.015,0.025,0.038,0.043,0.047,0.052,0,0.997,0.998,0.998,0.999,1,1.001,1.001,1.001,1.001,0,-8052.275,-8066.675,-8082.158,-8098.774,-8156.804,-8213.374,-8228.636,-8241.5,-8257.741,0
"93","uni",68,1,1,2,1000,2,2,0,6,4,"ACE",16258.54,16296.95,16326.56,16358.27,16470.32,16587.1,16620.71,16647.17,16675.4,0,16248.84,16287.26,16316.87,16348.58,16460.63,16577.41,16611.01,16637.48,16665.71,0,16271.24,16309.66,16339.27,16370.98,16483.03,16599.81,16633.41,16659.88,16688.11,0,0.975,0.98,0.985,0.989,1,1,1,1,1,0,2,2,2,2,2,2,2,2,2,0,0,0,0,0,0,0,0,0,0,0,352.979,367.722,378.63,391.321,440.967,491.531,507.115,517.8,533.488,0,6,6,6,6,6,6,6,6,6,0,0.0093,0.0237,0.0518,0.101,0.5059,0.897,0.9447,0.9721,0.9878,0,0.928,1.292,1.704,2.231,5.299,10.614,12.48,14.583,16.972,0,-8120.42,-8139.628,-8154.434,-8170.29,-8226.314,-8284.704,-8301.505,-8314.739,-8328.855,0,0,0,0,0,0,0,0,0.013,0.019,0,0,0,0.006,0.018,0.038,0.055,0.059,0.063,0.067,0,0,0,0,0,0,0.028,0.033,0.038,0.043,0,0.649,0.761,0.847,0.908,0.992,1,1,1,1,0,0.011,0.013,0.015,0.017,0.027,0.039,0.043,0.047,0.052,0,0.992,0.993,0.995,0.996,1.001,1.003,1.003,1.004,1.004,0,-8117.146,-8137.025,-8151.787,-8167.05,-8223.354,-8281.539,-8298.891,-8312.561,-8325.959,0
"94","uni",69,2,1,2,1000,2,2,0,6,4,"ACE",16976.11,17010.35,17036.6,17066.38,17185.03,17296.81,17331.28,17362.36,17392.15,0,16966.41,17000.65,17026.9,17056.68,17175.33,17287.12,17321.59,17352.66,17382.45,0,16988.82,17023.06,17049.31,17079.09,17197.74,17309.52,17343.99,17375.07,17404.86,0,0.982,0.987,0.99,0.993,1,1,1,1,1,0,2,2,2,2,2,2,2,2,2,0,0,0,0,0,0,0,0,0,0,0,520.248,538.026,549.964,564.934,621.342,682.109,699.416,715.536,734.079,0,6,6,6,6,6,6,6,6,6,0,0.0106,0.028,0.0551,0.1021,0.493,0.9006,0.9488,0.9745,0.9892,0,0.895,1.246,1.651,2.197,5.402,10.583,12.302,14.132,16.661,0,-8479.206,-8496.327,-8509.452,-8524.341,-8583.666,-8639.56,-8656.793,-8672.331,-8687.226,0,0,0,0,0,0,0,0,0.011,0.019,0,0,0,0.003,0.017,0.039,0.054,0.058,0.062,0.067,0,0,0,0,0,0,0.028,0.032,0.037,0.042,0,0.664,0.78,0.853,0.909,0.992,1,1,1,1,0,0.01,0.012,0.014,0.016,0.026,0.039,0.043,0.047,0.051,0,0.994,0.996,0.997,0.998,1,1.002,1.002,1.003,1.003,0,-8475.448,-8493.688,-8506.825,-8521.45,-8580.649,-8636.754,-8654.019,-8668.681,-8684.674,0
"95","uni",71,1,2,2,1000,2,2,0,6,4,"ACE",16866.46,16896.26,16922.34,16951.88,17069.81,17182.47,17213.29,17242.02,17268.3,0,16856.76,16886.56,16912.65,16942.18,17060.12,17172.77,17203.6,17232.32,17258.6,0,16879.17,16908.97,16935.05,16964.59,17082.52,17195.18,17226,17254.73,17281.01,0,0.985,0.988,0.991,0.993,1,1,1,1,1,0,2,2,2,2,2,2,2,2,2,0,0,0,0,0,0,0,0,0,0,0,620.075,640.454,655.759,673.187,735.232,800.202,818.534,833.015,854.714,0,6,6,6,6,6,6,6,6,6,0,0.0103,0.0219,0.0476,0.0936,0.4933,0.8989,0.9471,0.9747,0.9906,0,0.851,1.24,1.673,2.214,5.403,10.834,12.724,14.783,16.701,0,-8424.382,-8439.283,-8452.324,-8467.092,-8526.06,-8582.386,-8597.798,-8612.162,-8625.301,0,0,0,0,0,0,0,0.003,0.014,0.019,0,0,0,0.005,0.018,0.039,0.055,0.059,0.063,0.067,0,0,0,0,0,0,0.028,0.033,0.038,0.042,0,0.661,0.752,0.838,0.901,0.992,1,1,1,1,0,0.009,0.012,0.014,0.016,0.026,0.039,0.043,0.047,0.052,0,0.995,0.996,0.997,0.998,1,1.002,1.002,1.002,1.002,0,-8421.752,-8436.187,-8449.617,-8463.861,-8522.998,-8579.308,-8594.596,-8609.611,-8623.367,0
"96","uni",72,2,2,2,1000,2,2,0,6,4,"ACE",17447.93,17485.09,17511.72,17542.4,17656.25,17772.02,17805.23,17834.88,17868.06,0,17438.23,17475.39,17502.03,17532.7,17646.56,17762.33,17795.54,17825.19,17858.37,0,17460.64,17497.79,17524.43,17555.11,17668.96,17784.73,17817.94,17847.59,17880.77,0,0.988,0.99,0.993,0.995,1,1,1,1,1,0,2,2,2,2,2,2,2,2,2,0,0,0,0,0,0,0,0,0,0,0,754.771,773.245,787.439,808.191,876.465,945.378,965.482,984.824,1004.632,0,6,6,6,6,6,6,6,6,6,0,0.0105,0.0272,0.0534,0.1042,0.4991,0.8969,0.9498,0.9739,0.9906,0,0.839,1.257,1.634,2.234,5.355,10.525,12.395,14.225,16.612,0,-8715.117,-8733.696,-8747.015,-8762.351,-8819.277,-8877.165,-8893.769,-8908.593,-8925.185,0,0,0,0,0,0,0,0,0.012,0.019,0,0,0,0,0.018,0.039,0.054,0.059,0.062,0.067,0,0,0,0,0,0,0.027,0.033,0.037,0.042,0,0.664,0.777,0.85,0.91,0.992,1,1,1,1,0,0.01,0.012,0.013,0.016,0.026,0.038,0.042,0.046,0.051,0,0.996,0.997,0.998,0.998,1,1.001,1.002,1.002,1.002,0,-8711.759,-8730.903,-8744.359,-8759.113,-8816.177,-8873.995,-8890.448,-8905.926,-8922.695,0
