"","Method","id","ace_a","ace_c","ace_e","n","NGroups","NDependentVars","NIndependentVars","NContinuousLatentVars","Parameters","TrueModel","aBIC_ce_0.01","aBIC_ce_0.025","aBIC_ce_0.05","aBIC_ce_0.1","aBIC_ce_0.5","aBIC_ce_0.9","aBIC_ce_0.95","aBIC_ce_0.975","aBIC_ce_0.99","aBIC_ce_NA","AIC_ce_0.01","AIC_ce_0.025","AIC_ce_0.05","AIC_ce_0.1","AIC_ce_0.5","AIC_ce_0.9","AIC_ce_0.95","AIC_ce_0.975","AIC_ce_0.99","AIC_ce_NA","BIC_ce_0.01","BIC_ce_0.025","BIC_ce_0.05","BIC_ce_0.1","BIC_ce_0.5","BIC_ce_0.9","BIC_ce_0.95","BIC_ce_0.975","BIC_ce_0.99","BIC_ce_NA","CFI_ce_0.01","CFI_ce_0.025","CFI_ce_0.05","CFI_ce_0.1","CFI_ce_0.5","CFI_ce_0.9","CFI_ce_0.95","CFI_ce_0.975","CFI_ce_0.99","CFI_ce_NA","ChiSqBaseline_DF_ce_0.01","ChiSqBaseline_DF_ce_0.025","ChiSqBaseline_DF_ce_0.05","ChiSqBaseline_DF_ce_0.1","ChiSqBaseline_DF_ce_0.5","ChiSqBaseline_DF_ce_0.9","ChiSqBaseline_DF_ce_0.95","ChiSqBaseline_DF_ce_0.975","ChiSqBaseline_DF_ce_0.99","ChiSqBaseline_DF_ce_NA","ChiSqBaseline_PValue_ce_0.01","ChiSqBaseline_PValue_ce_0.025","ChiSqBaseline_PValue_ce_0.05","ChiSqBaseline_PValue_ce_0.1","ChiSqBaseline_PValue_ce_0.5","ChiSqBaseline_PValue_ce_0.9","ChiSqBaseline_PValue_ce_0.95","ChiSqBaseline_PValue_ce_0.975","ChiSqBaseline_PValue_ce_0.99","ChiSqBaseline_PValue_ce_NA","ChiSqBaseline_Value_ce_0.01","ChiSqBaseline_Value_ce_0.025","ChiSqBaseline_Value_ce_0.05","ChiSqBaseline_Value_ce_0.1","ChiSqBaseline_Value_ce_0.5","ChiSqBaseline_Value_ce_0.9","ChiSqBaseline_Value_ce_0.95","ChiSqBaseline_Value_ce_0.975","ChiSqBaseline_Value_ce_0.99","ChiSqBaseline_Value_ce_NA","ChiSqM_DF_ce_0.01","ChiSqM_DF_ce_0.025","ChiSqM_DF_ce_0.05","ChiSqM_DF_ce_0.1","ChiSqM_DF_ce_0.5","ChiSqM_DF_ce_0.9","ChiSqM_DF_ce_0.95","ChiSqM_DF_ce_0.975","ChiSqM_DF_ce_0.99","ChiSqM_DF_ce_NA","ChiSqM_PValue_ce_0.01","ChiSqM_PValue_ce_0.025","ChiSqM_PValue_ce_0.05","ChiSqM_PValue_ce_0.1","ChiSqM_PValue_ce_0.5","ChiSqM_PValue_ce_0.9","ChiSqM_PValue_ce_0.95","ChiSqM_PValue_ce_0.975","ChiSqM_PValue_ce_0.99","ChiSqM_PValue_ce_NA","ChiSqM_Value_ce_0.01","ChiSqM_Value_ce_0.025","ChiSqM_Value_ce_0.05","ChiSqM_Value_ce_0.1","ChiSqM_Value_ce_0.5","ChiSqM_Value_ce_0.9","ChiSqM_Value_ce_0.95","ChiSqM_Value_ce_0.975","ChiSqM_Value_ce_0.99","ChiSqM_Value_ce_NA","LL_ce_0.01","LL_ce_0.025","LL_ce_0.05","LL_ce_0.1","LL_ce_0.5","LL_ce_0.9","LL_ce_0.95","LL_ce_0.975","LL_ce_0.99","LL_ce_NA","RMSEA_90CI_LB_ce_0.01","RMSEA_90CI_LB_ce_0.025","RMSEA_90CI_LB_ce_0.05","RMSEA_90CI_LB_ce_0.1","RMSEA_90CI_LB_ce_0.5","RMSEA_90CI_LB_ce_0.9","RMSEA_90CI_LB_ce_0.95","RMSEA_90CI_LB_ce_0.975","RMSEA_90CI_LB_ce_0.99","RMSEA_90CI_LB_ce_NA","RMSEA_90CI_UB_ce_0.01","RMSEA_90CI_UB_ce_0.025","RMSEA_90CI_UB_ce_0.05","RMSEA_90CI_UB_ce_0.1","RMSEA_90CI_UB_ce_0.5","RMSEA_90CI_UB_ce_0.9","RMSEA_90CI_UB_ce_0.95","RMSEA_90CI_UB_ce_0.975","RMSEA_90CI_UB_ce_0.99","RMSEA_90CI_UB_ce_NA","RMSEA_Estimate_ce_0.01","RMSEA_Estimate_ce_0.025","RMSEA_Estimate_ce_0.05","RMSEA_Estimate_ce_0.1","RMSEA_Estimate_ce_0.5","RMSEA_Estimate_ce_0.9","RMSEA_Estimate_ce_0.95","RMSEA_Estimate_ce_0.975","RMSEA_Estimate_ce_0.99","RMSEA_Estimate_ce_NA","RMSEA_pLT05_ce_0.01","RMSEA_pLT05_ce_0.025","RMSEA_pLT05_ce_0.05","RMSEA_pLT05_ce_0.1","RMSEA_pLT05_ce_0.5","RMSEA_pLT05_ce_0.9","RMSEA_pLT05_ce_0.95","RMSEA_pLT05_ce_0.975","RMSEA_pLT05_ce_0.99","RMSEA_pLT05_ce_NA","SRMR_ce_0.01","SRMR_ce_0.025","SRMR_ce_0.05","SRMR_ce_0.1","SRMR_ce_0.5","SRMR_ce_0.9","SRMR_ce_0.95","SRMR_ce_0.975","SRMR_ce_0.99","SRMR_ce_NA","TLI_ce_0.01","TLI_ce_0.025","TLI_ce_0.05","TLI_ce_0.1","TLI_ce_0.5","TLI_ce_0.9","TLI_ce_0.95","TLI_ce_0.975","TLI_ce_0.99","TLI_ce_NA","UnrestrictedLL_ce_0.01","UnrestrictedLL_ce_0.025","UnrestrictedLL_ce_0.05","UnrestrictedLL_ce_0.1","UnrestrictedLL_ce_0.5","UnrestrictedLL_ce_0.9","UnrestrictedLL_ce_0.95","UnrestrictedLL_ce_0.975","UnrestrictedLL_ce_0.99","UnrestrictedLL_ce_NA"
"1","cor",4,0,1,1,100,2,2,0,6,4,"CE",1043.688,1049.416,1054.365,1060.277,1080.327,1097.354,1101.918,1105.12,1108.838,0,1043.297,1049.026,1053.975,1059.887,1079.936,1096.963,1101.528,1104.729,1108.448,0,1053.192,1058.921,1063.87,1069.782,1089.831,1106.858,1111.423,1114.624,1118.343,0,0.976,1,1,1,1,1,1,1,1,0,2,2,2,2,2,2,2,2,2,0,0,0,0,0,0,0,0,0,0,0,29.88,33.74,36.86,41.182,58.644,78.555,84.371,89.666,95.597,0,7,7,7,7,7,7,7,7,7,0,0.2975,0.4511,0.6525,0.8338,0.9989,1,1,1,1,0,0,0.001,0.005,0.02,0.614,3.513,5.048,6.763,8.407,0,-518.649,-521.513,-523.987,-526.943,-536.968,-545.482,-547.764,-549.365,-551.224,0,0,0,0,0,0,0,0,0,0,0,0,0,0,0,0,0.072,0.1,0.12,0.136,0,0,0,0,0,0,0,0,0,0.045,0,0.461,0.613,0.78,0.906,1,1,1,1,1,0,0,0.001,0.001,0.003,0.016,0.04,0.048,0.055,0.062,0,0.993,1.001,1.009,1.016,1.03,1.046,1.052,1.059,1.066,0,-517.578,-520.73,-523.375,-526.245,-536.242,-544.957,-547.125,-548.681,-550.565,0
"2","cor",7,0,2,1,100,2,2,0,6,4,"CE",974.117,981.83,987.788,995.229,1020.233,1043.194,1050.294,1055.366,1061.018,0,973.726,981.439,987.397,994.838,1019.843,1042.803,1049.903,1054.976,1060.627,0,983.621,991.334,997.292,1004.733,1029.738,1052.698,1059.798,1064.871,1070.522,0,0.977,0.997,1,1,1,1,1,1,1,0,2,2,2,2,2,2,2,2,2,0,0,0,0,0,0,0,0,0,0,0,77.484,83.305,88.791,95.714,119.045,143.458,151.403,157.331,165.372,0,7,7,7,7,7,7,7,7,7,0,0.2084,0.3963,0.5919,0.763,0.9983,1,1,1,1,0,0,0.002,0.006,0.023,0.706,4.119,5.56,7.302,9.649,0,-483.863,-487.72,-490.699,-494.419,-506.921,-518.402,-521.951,-524.488,-527.313,0,0,0,0,0,0,0,0,0,0,0,0,0,0,0,0,0.085,0.106,0.126,0.147,0,0,0,0,0,0,0,0,0.021,0.062,0,0.358,0.562,0.733,0.859,0.999,1,1,1,1,0,0,0.001,0.001,0.002,0.012,0.03,0.035,0.04,0.047,0,0.994,0.999,1.003,1.007,1.015,1.02,1.021,1.023,1.025,0,-482.878,-486.893,-489.857,-493.825,-506.041,-517.708,-521.168,-523.912,-526.794,0
"3","cor",13,0,1,2,100,2,2,0,6,4,"CE",1087.006,1091.697,1096.058,1100.301,1113.803,1124.569,1126.955,1128.89,1130.708,0,1086.615,1091.306,1095.667,1099.911,1113.412,1124.179,1126.564,1128.499,1130.317,0,1096.51,1101.201,1105.562,1109.806,1123.307,1134.074,1136.459,1138.394,1140.212,0,0.969,1,1,1,1,1,1,1,1,0,2,2,2,2,2,2,2,2,2,0,0,0,0,0,0,9e-04,0.0035,0.0093,0.022,0,7.609,9.334,11.29,13.954,24.739,38.384,42.857,47.019,52.503,0,7,7,7,7,7,7,7,7,7,0,0.3407,0.5595,0.7312,0.8816,0.9992,1,1,1,1,0,0,0.002,0.005,0.02,0.559,3.031,4.412,5.823,7.909,0,-540.308,-542.653,-544.834,-546.955,-553.706,-559.089,-560.282,-561.249,-562.159,0,0,0,0,0,0,0,0,0,0,0,0,0,0,0,0,0.059,0.09,0.11,0.132,0,0,0,0,0,0,0,0,0,0.036,0,0.506,0.707,0.837,0.935,1,1,1,1,1,0,0,0.001,0.002,0.004,0.02,0.046,0.056,0.063,0.074,0,0.991,1.011,1.025,1.038,1.075,1.153,1.194,1.243,1.326,0,-539.104,-542.044,-544.122,-546.372,-553.193,-558.585,-559.917,-560.889,-561.75,0
"4","cor",16,0,2,2,100,2,2,0,6,4,"CE",1041.369,1048.584,1053.96,1060.434,1080.058,1097.178,1101.781,1105.339,1108.672,0,1040.978,1048.193,1053.569,1060.043,1079.668,1096.787,1101.39,1104.948,1108.281,0,1050.873,1058.088,1063.464,1069.938,1089.563,1106.682,1111.285,1114.843,1118.176,0,0.976,1,1,1,1,1,1,1,1,0,2,2,2,2,2,2,2,2,2,0,0,0,0,0,0,0,0,0,0,0,29.568,33.241,36.949,41.544,58.885,78.531,85.039,90.187,97.154,0,7,7,7,7,7,7,7,7,7,0,0.2975,0.4986,0.6541,0.8303,0.999,1,1,1,1,0,0,0.001,0.005,0.019,0.594,3.547,5.045,6.358,8.392,0,-517.489,-521.097,-523.784,-527.022,-536.834,-545.393,-547.695,-549.474,-551.141,0,0,0,0,0,0,0,0,0,0,0,0,0,0,0,0,0.073,0.1,0.116,0.136,0,0,0,0,0,0,0,0,0,0.045,0,0.461,0.655,0.781,0.904,1,1,1,1,1,0,0,0.001,0.002,0.003,0.016,0.039,0.048,0.054,0.063,0,0.993,1.003,1.009,1.016,1.03,1.046,1.052,1.059,1.069,0,-516.964,-520.349,-523.039,-526.283,-536.123,-544.785,-547.053,-548.936,-550.678,0
"5","cor",22,0,1,1,250,2,2,0,6,4,"CE",2645.367,2652.865,2661.353,2670.267,2699.216,2726.359,2734.069,2739.986,2747.586,0,2642.245,2649.743,2658.232,2667.145,2696.095,2723.238,2730.947,2736.864,2744.464,0,2654.889,2662.387,2670.875,2679.789,2708.738,2735.881,2743.591,2749.508,2757.108,0,0.991,1,1,1,1,1,1,1,1,0,2,2,2,2,2,2,2,2,2,0,0,0,0,0,0,0,0,0,0,0,95.868,104.063,109.716,117.49,145.053,174.244,182.94,191.297,198.395,0,7,7,7,7,7,7,7,7,7,0,0.3052,0.5213,0.6989,0.8526,0.9993,1,1,1,1,0,0,0.001,0.005,0.019,0.542,3.332,4.677,6.152,8.277,0,-1318.123,-1321.872,-1326.116,-1330.572,-1345.047,-1358.619,-1362.474,-1365.432,-1369.232,0,0,0,0,0,0,0,0,0,0,0,0,0,0,0,0,0.043,0.059,0.072,0.085,0,0,0,0,0,0,0,0,0,0.027,0,0.669,0.827,0.913,0.966,1,1,1,1,1,0,0,0,0.001,0.002,0.01,0.024,0.029,0.033,0.038,0,0.998,1.002,1.005,1.007,1.012,1.016,1.017,1.019,1.02,0,-1317.623,-1321.272,-1325.461,-1329.807,-1344.404,-1358.143,-1362.074,-1364.808,-1368.969,0
"6","cor",25,0,2,1,250,2,2,0,6,4,"CE",2475.277,2487.484,2498.007,2510.844,2548.769,2586.919,2597.068,2606.587,2614.941,0,2472.155,2484.362,2494.885,2507.722,2545.648,2583.797,2593.947,2603.465,2611.82,0,2484.799,2497.006,2507.529,2520.366,2558.291,2596.441,2606.59,2616.109,2624.463,0,0.99,0.999,1,1,1,1,1,1,1,0,2,2,2,2,2,2,2,2,2,0,0,0,0,0,0,0,0,0,0,0,228.891,238.173,247.4,257.52,295.596,333.727,346.031,356.77,367.859,0,7,7,7,7,7,7,7,7,7,0,0.1969,0.3964,0.5989,0.801,0.9989,1,1,1,1,0,0,0.002,0.006,0.022,0.608,3.804,5.494,7.22,9.833,0,-1233.078,-1239.181,-1244.443,-1250.861,-1269.824,-1288.899,-1293.973,-1298.732,-1302.91,0,0,0,0,0,0,0,0,0,0,0,0,0,0,0,0,0.05,0.067,0.079,0.094,0,0,0,0,0,0,0,0,0.011,0.04,0,0.55,0.745,0.868,0.951,1,1,1,1,1,0,0,0,0.001,0.001,0.007,0.018,0.022,0.025,0.029,0,0.997,1,1.001,1.003,1.006,1.007,1.008,1.008,1.008,0,-1232.93,-1238.514,-1243.893,-1250.06,-1269.134,-1288.156,-1293.131,-1297.809,-1302.467,0
"7","cor",31,0,1,2,250,2,2,0,6,4,"CE",2743.827,2751.087,2756.796,2763.228,2783.894,2801.301,2805.334,2809.061,2813.379,0,2740.705,2747.966,2753.675,2760.106,2780.772,2798.179,2802.213,2805.94,2810.257,0,2753.349,2760.61,2766.318,2772.75,2793.416,2810.823,2814.856,2818.583,2822.901,0,0.992,1,1,1,1,1,1,1,1,0,2,2,2,2,2,2,2,2,2,0,0,0,0,0,0,0,0,0,0,0,30.537,34.756,38.516,42.583,60.272,81.07,87.431,92.995,100.049,0,7,7,7,7,7,7,7,7,7,0,0.3808,0.5951,0.7299,0.8689,0.9994,1,1,1,1,0,0,0.001,0.005,0.019,0.52,3.164,4.419,5.524,7.448,0,-1367.353,-1370.983,-1373.837,-1377.053,-1387.386,-1396.09,-1398.106,-1399.97,-1402.129,0,0,0,0,0,0,0,0,0,0,0,0,0,0,0,0,0.04,0.057,0.067,0.081,0,0,0,0,0,0,0,0,0,0.016,0,0.733,0.867,0.925,0.971,1,1,1,1,1,0,0,0.001,0.001,0.002,0.012,0.03,0.035,0.04,0.046,0,0.998,1.006,1.011,1.017,1.03,1.045,1.051,1.057,1.065,0,-1366.813,-1370.393,-1373.213,-1376.399,-1386.797,-1395.634,-1397.669,-1399.551,-1401.66,0
"8","cor",34,0,2,2,250,2,2,0,6,4,"CE",2641.106,2650.675,2659.197,2669.072,2699.676,2725.635,2732.765,2739.409,2746.205,0,2637.984,2647.553,2656.075,2665.951,2696.554,2722.513,2729.644,2736.288,2743.084,0,2650.628,2660.197,2668.719,2678.595,2709.198,2735.157,2742.288,2748.932,2755.727,0,0.989,1,1,1,1,1,1,1,1,0,2,2,2,2,2,2,2,2,2,0,0,0,0,0,0,0,0,0,0,0,97.533,104.46,111.258,118.314,144.617,175.197,185.232,194.263,203.182,0,7,7,7,7,7,7,7,7,7,0,0.2733,0.4815,0.6709,0.8436,0.9992,1,1,1,1,0,0,0.001,0.005,0.021,0.566,3.418,4.896,6.5,8.614,0,-1315.992,-1320.777,-1325.037,-1329.975,-1345.277,-1358.257,-1361.822,-1365.144,-1368.542,0,0,0,0,0,0,0,0,0,0,0,0,0,0,0,0,0.044,0.062,0.074,0.087,0,0,0,0,0,0,0,0,0,0.03,0,0.637,0.803,0.902,0.964,1,1,1,1,1,0,0,0.001,0.001,0.002,0.01,0.025,0.029,0.034,0.039,0,0.997,1.001,1.004,1.007,1.012,1.016,1.017,1.018,1.02,0,-1315.308,-1319.782,-1324.311,-1329.334,-1344.61,-1357.761,-1361.303,-1364.699,-1368.094,0
"9","cor",40,0,1,1,500,2,2,0,6,4,"CE",5317.299,5330.232,5341.722,5353.537,5394.856,5434.576,5445.883,5455.553,5465.646,0,5312.104,5325.037,5336.527,5348.342,5389.661,5429.381,5440.688,5450.358,5460.451,0,5326.828,5339.76,5351.25,5363.065,5404.384,5444.104,5455.411,5465.081,5475.174,0,0.994,1,1,1,1,1,1,1,1,0,2,2,2,2,2,2,2,2,2,0,0,0,0,0,0,0,0,0,0,0,218.637,228.639,238.398,249.513,289.294,330.705,342.393,354.211,367.066,0,7,7,7,7,7,7,7,7,7,0,0.2732,0.4914,0.6594,0.8314,0.999,1,1,1,1,0,0,0.001,0.006,0.02,0.6,3.533,5,6.421,8.579,0,-2653.052,-2659.518,-2665.263,-2671.171,-2691.831,-2711.69,-2717.344,-2722.179,-2727.225,0,0,0,0,0,0,0,0,0,0,0,0,0,0,0,0,0.032,0.044,0.052,0.062,0,0,0,0,0,0,0,0,0,0.021,0,0.85,0.938,0.972,0.991,1,1,1,1,1,0,0,0,0.001,0.001,0.007,0.018,0.021,0.024,0.028,0,0.998,1.001,1.002,1.003,1.006,1.008,1.008,1.008,1.009,0,-2652.281,-2658.732,-2664.575,-2670.491,-2691.227,-2711.109,-2716.675,-2721.555,-2726.463,0
"10","cor",43,0,2,1,500,2,2,0,6,4,"CE",4995.927,5010.437,5025.372,5041.306,5095.295,5148.012,5162.072,5173.626,5187.839,0,4990.732,5005.242,5020.177,5036.111,5090.099,5142.817,5156.877,5168.431,5182.644,0,5005.455,5019.966,5034.9,5050.834,5104.823,5157.54,5171.6,5183.154,5197.367,0,0.996,1,1,1,1,1,1,1,1,0,2,2,2,2,2,2,2,2,2,0,0,0,0,0,0,0,0,0,0,0,496.812,510.32,521.415,535.956,589.007,642.941,659.035,673.653,688.771,0,7,7,7,7,7,7,7,7,7,0,0.2234,0.4422,0.6279,0.8012,0.9987,1,1,1,1,0,0,0.001,0.005,0.022,0.646,3.802,5.259,6.825,9.355,0,-2492.366,-2499.621,-2507.088,-2515.056,-2542.05,-2568.408,-2575.438,-2581.215,-2588.322,0,0,0,0,0,0,0,0,0,0,0,0,0,0,0,0,0.035,0.046,0.054,0.064,0,0,0,0,0,0,0,0,0,0.026,0,0.815,0.924,0.967,0.989,1,1,1,1,1,0,0,0,0,0.001,0.005,0.013,0.015,0.017,0.02,0,0.999,1,1.001,1.002,1.003,1.004,1.004,1.004,1.004,0,-2491.424,-2498.958,-2506.349,-2514.384,-2541.362,-2567.893,-2575.164,-2580.542,-2587.383,0
"11","cor",49,0,1,2,500,2,2,0,6,4,"CE",5510.064,5520.233,5527.875,5535.845,5565.273,5590.968,5597.232,5602.27,5607.925,0,5504.869,5515.038,5522.68,5530.65,5560.078,5585.773,5592.037,5597.075,5602.73,0,5519.592,5529.762,5537.403,5545.373,5574.802,5600.497,5606.76,5611.798,5617.454,0,0.995,1,1,1,1,1,1,1,1,0,2,2,2,2,2,2,2,2,2,0,0,0,0,0,0,0,0,0,0,0,76.449,81.382,86.776,93.045,118.903,147.923,156.192,163.682,173.786,0,7,7,7,7,7,7,7,7,7,0,0.3733,0.5926,0.7524,0.8781,0.9993,1,1,1,1,0,0,0.001,0.005,0.019,0.544,3.071,4.231,5.554,7.541,0,-2749.434,-2754.519,-2758.34,-2762.325,-2777.039,-2789.887,-2793.019,-2795.538,-2798.365,0,0,0,0,0,0,0,0,0,0,0,0,0,0,0,0,0.027,0.039,0.048,0.057,0,0,0,0,0,0,0,0,0,0.012,0,0.899,0.961,0.984,0.995,1,1,1,1,1,0,0,0,0.001,0.002,0.009,0.021,0.025,0.028,0.033,0,0.999,1.003,1.006,1.009,1.015,1.02,1.022,1.024,1.026,0,-2748.661,-2753.996,-2757.763,-2761.913,-2776.419,-2789.349,-2792.478,-2795.055,-2797.631,0
"12","cor",52,0,2,2,500,2,2,0,6,4,"CE",5315.877,5328.997,5339.63,5353.485,5395.876,5433.824,5443.622,5452.71,5461.334,0,5310.682,5323.802,5334.435,5348.29,5390.681,5428.629,5438.427,5447.515,5456.139,0,5325.405,5338.525,5349.158,5363.013,5405.404,5443.352,5453.151,5462.238,5470.862,0,0.998,1,1,1,1,1,1,1,1,0,2,2,2,2,2,2,2,2,2,0,0,0,0,0,0,0,0,0,0,0,222.233,231.876,240.197,250.175,288.196,331.25,344.291,355.36,369.26,0,7,7,7,7,7,7,7,7,7,0,0.3636,0.5341,0.7022,0.855,0.9991,1,1,1,1,0,0,0.001,0.006,0.02,0.581,3.306,4.647,6.036,7.623,0,-2652.341,-2658.901,-2664.217,-2671.145,-2692.34,-2711.314,-2716.214,-2720.758,-2725.069,0,0,0,0,0,0,0,0,0,0,0,0,0,0,0,0,0.03,0.042,0.05,0.058,0,0,0,0,0,0,0,0,0,0.013,0,0.895,0.949,0.978,0.993,1,1,1,1,1,0,0,0,0.001,0.001,0.007,0.017,0.021,0.023,0.027,0,0.999,1.001,1.002,1.004,1.006,1.008,1.008,1.008,1.009,0,-2651.08,-2658.128,-2663.724,-2670.247,-2691.77,-2710.781,-2715.762,-2719.924,-2724.7,0
"13","cor",58,0,1,1,1000,2,2,0,6,4,"CE",10676.42,10695.34,10708.96,10725.87,10785.12,10840.11,10857.04,10868.78,10883.69,0,10669.15,10688.07,10701.69,10718.6,10777.85,10832.84,10849.77,10861.51,10876.42,0,10685.95,10704.87,10718.49,10735.4,10794.65,10849.64,10866.58,10878.32,10893.22,0,0.998,1,1,1,1,1,1,1,1,0,2,2,2,2,2,2,2,2,2,0,0,0,0,0,0,0,0,0,0,0,478.538,492.626,504.924,522.205,576.723,636.052,652.638,666.592,684.387,0,7,7,7,7,7,7,7,7,7,0,0.3185,0.5383,0.7174,0.8628,0.9992,1,1,1,1,0,0,0.001,0.006,0.022,0.555,3.228,4.523,5.954,8.132,0,-5331.576,-5341.033,-5347.843,-5356.301,-5385.924,-5413.419,-5421.886,-5427.757,-5435.209,0,0,0,0,0,0,0,0,0,0,0,0,0,0,0,0,0.021,0.029,0.035,0.042,0,0,0,0,0,0,0,0,0,0.013,0,0.986,0.996,0.999,1,1,1,1,1,1,0,0,0,0.001,0.001,0.005,0.012,0.014,0.016,0.019,0,0.999,1,1.001,1.002,1.003,1.004,1.004,1.004,1.004,0,-5331.237,-5340.309,-5347.432,-5355.71,-5385.382,-5412.646,-5421.253,-5427.431,-5434.435,0
"14","cor",61,0,2,1,1000,2,2,0,6,4,"CE",10045.23,10065.47,10084.228,10108.291,10185.764,10263.179,10284.674,10303.329,10324.041,0,10037.958,10058.198,10076.956,10101.02,10178.493,10255.908,10277.403,10296.057,10316.769,0,10054.761,10075.001,10093.759,10117.822,10195.296,10272.71,10294.205,10312.86,10333.572,0,0.998,1,1,1,1,1,1,1,1,0,2,2,2,2,2,2,2,2,2,0,0,0,0,0,0,0,0,0,0,0,1037.707,1059.22,1077.797,1099.185,1176.701,1253.816,1278.309,1295.446,1316.873,0,7,7,7,7,7,7,7,7,7,0,0.2319,0.4001,0.5969,0.7943,0.9987,1,1,1,1,0,0,0.002,0.006,0.024,0.644,3.861,5.508,7.24,9.263,0,-5015.979,-5026.099,-5035.478,-5047.51,-5086.246,-5124.954,-5135.701,-5145.028,-5155.385,0,0,0,0,0,0,0,0,0,0,0,0,0,0,0,0,0.025,0.033,0.04,0.045,0,0,0,0,0,0,0,0,0.006,0.018,0,0.976,0.991,0.997,0.999,1,1,1,1,1,0,0,0,0,0.001,0.004,0.009,0.011,0.012,0.014,0,0.999,1,1,1.001,1.002,1.002,1.002,1.002,1.002,0,-5015.308,-5025.489,-5034.396,-5046.814,-5085.382,-5124.159,-5134.811,-5144.08,-5154.881,0
"15","cor",67,0,1,2,1000,2,2,0,6,4,"CE",11050.1,11061.43,11072.27,11084.89,11124.5,11161.3,11171.5,11179.59,11190.9,0,11042.83,11054.16,11065,11077.62,11117.23,11154.02,11164.23,11172.32,11183.63,0,11059.63,11070.97,11081.8,11094.42,11134.03,11170.83,11181.03,11189.12,11200.43,0,0.999,1,1,1,1,1,1,1,1,0,2,2,2,2,2,2,2,2,2,0,0,0,0,0,0,0,0,0,0,0,170.809,181.854,190.061,200.186,237.44,277.047,289.402,300.547,311.818,0,7,7,7,7,7,7,7,7,7,0,0.3948,0.5699,0.7254,0.876,0.9995,1,1,1,1,0,0,0.001,0.005,0.018,0.48,3.093,4.449,5.731,7.283,0,-5518.413,-5524.081,-5529.498,-5535.809,-5555.612,-5574.012,-5579.112,-5583.161,-5588.816,0,0,0,0,0,0,0,0,0,0,0,0,0,0,0,0,0.019,0.029,0.034,0.04,0,0,0,0,0,0,0,0,0,0.006,0,0.991,0.997,0.999,1,1,1,1,1,1,0,0,0,0.001,0.001,0.006,0.015,0.018,0.02,0.023,0,1,1.001,1.003,1.005,1.008,1.009,1.01,1.011,1.011,0,-5517.674,-5523.472,-5529.001,-5535.228,-5555.029,-5573.618,-5578.646,-5582.808,-5588.314,0
"16","cor",70,0,2,2,1000,2,2,0,6,4,"CE",10674.1,10694.12,10708.81,10727.56,10785.51,10841.92,10855.61,10868.96,10884.93,0,10666.83,10686.85,10701.54,10720.29,10778.24,10834.65,10848.34,10861.69,10877.66,0,10683.63,10703.65,10718.34,10737.09,10795.04,10851.45,10865.14,10878.5,10894.46,0,0.997,1,1,1,1,1,1,1,1,0,2,2,2,2,2,2,2,2,2,0,0,0,0,0,0,0,0,0,0,0,476.019,493.099,505.997,519.891,576.417,634.322,653.428,668.063,688.108,0,7,7,7,7,7,7,7,7,7,0,0.2634,0.4398,0.6619,0.822,0.9991,1,1,1,1,0,0,0.001,0.005,0.021,0.572,3.618,4.982,6.896,8.821,0,-5330.415,-5340.424,-5347.77,-5357.145,-5386.118,-5414.324,-5421.169,-5427.846,-5435.828,0,0,0,0,0,0,0,0,0,0,0,0,0,0,0,0,0.024,0.031,0.039,0.044,0,0,0,0,0,0,0,0,0,0.016,0,0.981,0.993,0.998,1,1,1,1,1,1,0,0,0,0,0.001,0.005,0.013,0.015,0.018,0.02,0,0.999,1,1.001,1.002,1.003,1.004,1.004,1.004,1.004,0,-5329.6,-5339.72,-5347.026,-5356.568,-5385.527,-5413.793,-5420.721,-5427.18,-5435.659,0
"17","cov",4,0,1,1,100,2,2,0,6,4,"CE",1290.642,1302.116,1310.954,1321.944,1358.66,1395.093,1403.711,1411.902,1421.34,0,1290.251,1301.725,1310.564,1321.553,1358.269,1394.702,1403.32,1411.512,1420.95,0,1300.146,1311.62,1320.459,1331.448,1368.164,1404.597,1413.215,1421.407,1430.844,0,0.776,0.825,0.87,0.909,1,1,1,1,1,0,2,2,2,2,2,2,2,2,2,0,0,0,0,0,0,0,0,0,0,0,29.88,33.74,36.861,41.183,58.644,78.555,84.372,89.665,95.596,0,7,7,7,7,7,7,7,7,7,0,0.009,0.0233,0.0485,0.0945,0.4747,0.8789,0.9396,0.9693,0.9879,0,1.309,1.812,2.324,3.061,6.572,12.18,14.148,16.208,18.704,0,-642.126,-647.862,-652.282,-657.777,-676.135,-694.351,-698.66,-702.756,-707.475,0,0,0,0,0,0,0,0.008,0.04,0.06,0,0,0,0.027,0.06,0.118,0.165,0.177,0.189,0.202,0,0,0,0,0,0,0.086,0.101,0.115,0.129,0,0.033,0.07,0.122,0.201,0.634,0.934,0.969,0.985,0.994,0,0.038,0.044,0.05,0.058,0.092,0.139,0.155,0.171,0.191,0,0.936,0.95,0.963,0.974,1.002,1.022,1.026,1.031,1.037,0,-638.281,-644.15,-648.728,-653.945,-672.532,-690.689,-695.653,-699.824,-704.945,0
"18","cov",7,0,2,1,100,2,2,0,6,4,"CE",1390.522,1402.493,1412.586,1423.637,1460.414,1496.93,1506.151,1515.226,1524.439,0,1390.131,1402.102,1412.195,1423.246,1460.023,1496.539,1505.76,1514.835,1524.049,0,1400.026,1411.997,1422.09,1433.141,1469.918,1506.434,1515.655,1524.73,1533.944,0,0.89,0.916,0.935,0.954,1,1,1,1,1,0,2,2,2,2,2,2,2,2,2,0,0,0,0,0,0,0,0,0,0,0,77.484,83.305,88.791,95.714,119.045,143.456,151.404,157.33,165.374,0,7,7,7,7,7,7,7,7,7,0,0.007,0.0183,0.0417,0.091,0.4975,0.9005,0.9492,0.9756,0.991,0,1.197,1.676,2.178,2.825,6.368,12.3,14.577,16.843,19.395,0,-692.065,-698.051,-703.098,-708.623,-727.012,-745.27,-749.88,-754.418,-759.024,0,0,0,0,0,0,0,0.019,0.046,0.064,0,0,0,0.007,0.052,0.116,0.166,0.18,0.192,0.205,0,0,0,0,0,0,0.087,0.104,0.119,0.133,0,0.027,0.058,0.109,0.196,0.654,0.947,0.974,0.988,0.996,0,0.032,0.038,0.044,0.052,0.086,0.139,0.159,0.18,0.205,0,0.969,0.976,0.981,0.987,1.002,1.01,1.013,1.014,1.016,0,-688.571,-694.102,-699.385,-704.772,-723.311,-741.805,-746.504,-751.515,-755.705,0
"19","cov",13,0,1,2,100,2,2,0,6,4,"CE",1486.959,1496.861,1506.637,1517.983,1554.797,1591.148,1600.816,1610.141,1621.937,0,1486.569,1496.471,1506.246,1517.592,1554.407,1590.757,1600.425,1609.75,1621.547,0,1496.464,1506.366,1516.141,1527.487,1564.302,1600.652,1610.32,1619.645,1631.441,0,0.311,0.535,0.65,0.765,1,1,1,1,1,0,2,2,2,2,2,2,2,2,2,0,0,0,0,0,0,9e-04,0.0035,0.0093,0.022,0,7.609,9.334,11.289,13.954,24.74,38.384,42.858,47.019,52.503,0,7,7,7,7,7,7,7,7,7,0,0.0093,0.0224,0.0491,0.0976,0.4953,0.8967,0.947,0.9754,0.99,0,1.222,1.68,2.213,2.869,6.387,12.085,14.091,16.299,18.645,0,-740.284,-745.235,-750.123,-755.796,-774.203,-792.378,-797.213,-801.875,-807.773,0,0,0,0,0,0,0,0.004,0.041,0.059,0,0,0,0.014,0.054,0.116,0.164,0.177,0.189,0.202,0,0,0,0,0,0,0.085,0.101,0.115,0.129,0,0.034,0.068,0.123,0.206,0.652,0.944,0.973,0.988,0.995,0,0.038,0.045,0.052,0.06,0.094,0.137,0.152,0.169,0.191,0,0.803,0.867,0.9,0.933,1.007,1.061,1.083,1.108,1.156,0,-736.089,-741.493,-746.439,-752.332,-770.716,-788.983,-794.129,-798.578,-804.246,0
"20","cov",16,0,2,2,100,2,2,0,6,4,"CE",1565.993,1578.464,1588.439,1598.92,1635.31,1671.41,1681.07,1688.632,1697.092,0,1565.602,1578.074,1588.049,1598.529,1634.919,1671.02,1680.68,1688.241,1696.701,0,1575.497,1587.969,1597.944,1608.424,1644.814,1680.915,1690.575,1698.136,1706.596,0,0.779,0.829,0.867,0.907,1,1,1,1,1,0,2,2,2,2,2,2,2,2,2,0,0,0,0,0,0,0,0,0,0,0,29.569,33.241,36.948,41.544,58.885,78.532,85.039,90.187,97.154,0,7,7,7,7,7,7,7,7,7,0,0.0093,0.0224,0.0448,0.0911,0.4848,0.8925,0.9459,0.9742,0.9898,0,1.242,1.702,2.231,2.916,6.473,12.301,14.37,16.301,18.659,0,-779.801,-786.037,-791.024,-796.265,-814.46,-832.51,-837.34,-841.121,-845.351,0,0,0,0,0,0,0,0.015,0.041,0.059,0,0,0,0.017,0.056,0.117,0.166,0.178,0.189,0.202,0,0,0,0,0,0,0.087,0.103,0.115,0.129,0,0.034,0.068,0.115,0.196,0.643,0.942,0.972,0.987,0.995,0,0.036,0.043,0.049,0.057,0.091,0.142,0.158,0.173,0.194,0,0.937,0.951,0.962,0.973,1.003,1.022,1.027,1.032,1.039,0,-776.145,-782.539,-787.204,-792.455,-810.979,-829.014,-833.8,-837.76,-842.762,0
"21","cov",22,0,1,1,250,2,2,0,6,4,"CE",3288.18,3304.71,3319.529,3335.249,3393.11,3449.205,3466.084,3480.289,3495.647,0,3285.058,3301.588,3316.407,3332.127,3389.989,3446.083,3462.962,3477.167,3492.526,0,3297.702,3314.232,3329.051,3344.771,3402.633,3458.727,3475.606,3489.811,3505.169,0,0.92,0.937,0.952,0.965,1,1,1,1,1,0,2,2,2,2,2,2,2,2,2,0,0,0,0,0,0,0,0,0,0,0,95.869,104.064,109.715,117.492,145.054,174.247,182.943,191.296,198.394,0,7,7,7,7,7,7,7,7,7,0,0.0101,0.0263,0.0526,0.102,0.4988,0.9045,0.9557,0.9785,0.9903,0,1.211,1.6,2.073,2.779,6.356,11.953,13.919,15.866,18.369,0,-1639.529,-1647.794,-1655.204,-1663.064,-1691.994,-1720.042,-1728.481,-1735.584,-1743.263,0,0,0,0,0,0,0,0,0.023,0.036,0,0,0,0,0.032,0.073,0.103,0.111,0.118,0.127,0,0,0,0,0,0,0.053,0.063,0.071,0.081,0,0.111,0.193,0.283,0.4,0.814,0.98,0.992,0.997,0.999,0,0.022,0.027,0.03,0.035,0.056,0.084,0.094,0.104,0.116,0,0.977,0.982,0.986,0.99,1.001,1.009,1.01,1.012,1.013,0,-1636.44,-1644.177,-1651.815,-1659.487,-1688.525,-1716.943,-1725.112,-1731.864,-1739.851,0
"22","cov",25,0,2,1,250,2,2,0,6,4,"CE",3546.587,3562.567,3575.631,3592.227,3651.434,3706.135,3722.776,3736.623,3754.94,0,3543.465,3559.446,3572.51,3589.106,3648.312,3703.013,3719.654,3733.502,3751.818,0,3556.109,3572.089,3585.153,3601.75,3660.956,3715.657,3732.298,3746.146,3764.462,0,0.961,0.97,0.977,0.983,1,1,1,1,1,0,2,2,2,2,2,2,2,2,2,0,0,0,0,0,0,0,0,0,0,0,228.889,238.171,247.403,257.52,295.593,333.728,346.032,356.769,367.854,0,7,7,7,7,7,7,7,7,7,0,0.011,0.0259,0.0528,0.1008,0.4969,0.9033,0.9529,0.9783,0.9913,0,1.184,1.603,2.118,2.794,6.37,11.972,13.911,15.863,18.185,0,-1768.733,-1776.723,-1783.255,-1791.553,-1821.156,-1848.506,-1856.827,-1863.751,-1872.909,0,0,0,0,0,0,0,0,0.023,0.035,0,0,0,0,0.032,0.073,0.103,0.111,0.118,0.126,0,0,0,0,0,0,0.053,0.063,0.071,0.08,0,0.117,0.192,0.283,0.397,0.813,0.98,0.992,0.996,0.999,0,0.019,0.023,0.027,0.032,0.053,0.086,0.097,0.108,0.12,0,0.989,0.992,0.993,0.995,1.001,1.004,1.005,1.005,1.006,0,-1764.107,-1772.991,-1779.695,-1788.015,-1817.366,-1844.973,-1853.801,-1860.451,-1870.098,0
"23","cov",31,0,1,2,250,2,2,0,6,4,"CE",3781.921,3797.135,3810.249,3826.518,3884.094,3941.582,3956.325,3970.519,3989.555,0,3778.799,3794.013,3807.128,3823.397,3880.973,3938.46,3953.203,3967.397,3986.433,0,3791.443,3806.657,3819.771,3836.04,3893.617,3951.104,3965.847,3980.041,3999.077,0,0.764,0.828,0.872,0.908,1,1,1,1,1,0,2,2,2,2,2,2,2,2,2,0,0,0,0,0,0,0,0,0,0,0,30.537,34.754,38.516,42.583,60.272,81.068,87.431,92.996,100.048,0,7,7,7,7,7,7,7,7,7,0,0.0099,0.022,0.047,0.0978,0.49,0.8966,0.9474,0.9717,0.9894,0,1.263,1.762,2.208,2.87,6.434,12.085,14.24,16.2,18.436,0,-1886.4,-1894.007,-1900.564,-1908.698,-1937.486,-1966.23,-1973.602,-1980.699,-1990.217,0,0,0,0,0,0,0,0.007,0.025,0.037,0,0,0,0.009,0.034,0.074,0.104,0.112,0.119,0.127,0,0,0,0,0,0,0.054,0.064,0.073,0.081,0,0.11,0.175,0.266,0.391,0.808,0.978,0.99,0.995,0.998,0,0.025,0.029,0.033,0.038,0.058,0.085,0.094,0.102,0.111,0,0.933,0.951,0.963,0.974,1.003,1.022,1.026,1.031,1.039,0,-1882.011,-1889.814,-1896.378,-1904.591,-1933.941,-1962.596,-1970.558,-1977.716,-1986.906,0
"24","cov",34,0,2,2,250,2,2,0,6,4,"CE",3979.301,3992.863,4010.42,4027.182,4085.529,4142.229,4158.067,4174.39,4189.526,0,3976.179,3989.742,4007.299,4024.06,4082.407,4139.107,4154.946,4171.268,4186.405,0,3988.823,4002.386,4019.942,4036.704,4095.051,4151.751,4167.589,4183.912,4199.048,0,0.919,0.936,0.949,0.964,1,1,1,1,1,0,2,2,2,2,2,2,2,2,2,0,0,0,0,0,0,0,0,0,0,0,97.532,104.459,111.255,118.313,144.616,175.198,185.233,194.265,203.183,0,7,7,7,7,7,7,7,7,7,0,0.0097,0.024,0.0446,0.091,0.4948,0.8962,0.9504,0.9767,0.9917,0,1.158,1.645,2.15,2.876,6.392,12.302,14.317,16.125,18.498,0,-1985.09,-1991.871,-2000.649,-2009.03,-2038.204,-2066.554,-2074.473,-2082.634,-2090.202,0,0,0,0,0,0,0,0.008,0.025,0.037,0,0,0,0,0.034,0.074,0.105,0.113,0.119,0.127,0,0,0,0,0,0,0.055,0.065,0.072,0.081,0,0.109,0.184,0.259,0.377,0.811,0.978,0.991,0.996,0.999,0,0.023,0.027,0.031,0.035,0.056,0.085,0.095,0.104,0.113,0,0.977,0.982,0.985,0.99,1.001,1.008,1.01,1.012,1.013,0,-1980.257,-1988.093,-1997.068,-2005.587,-2034.794,-2063.165,-2071.367,-2079.483,-2087.038,0
"25","cov",40,0,1,1,500,2,2,0,6,4,"CE",6634.44,6655.91,6675.722,6699.622,6782.969,6864.179,6888.604,6906.799,6927.167,0,6629.244,6650.715,6670.527,6694.426,6777.774,6858.984,6883.408,6901.604,6921.972,0,6643.968,6665.438,6685.25,6709.15,6792.497,6873.707,6898.132,6916.327,6936.695,0,0.962,0.968,0.975,0.982,1,1,1,1,1,0,2,2,2,2,2,2,2,2,2,0,0,0,0,0,0,0,0,0,0,0,218.633,228.639,238.4,249.511,289.296,330.705,342.397,354.202,367.066,0,7,7,7,7,7,7,7,7,7,0,0.0122,0.0261,0.0489,0.1003,0.4954,0.9017,0.9536,0.9761,0.9895,0,1.247,1.661,2.105,2.808,6.385,12.005,14.11,15.886,17.942,0,-3311.622,-3322.358,-3332.263,-3344.213,-3385.887,-3426.492,-3438.704,-3447.802,-3457.986,0,0,0,0,0,0,0,0.002,0.016,0.024,0,0,0,0,0.023,0.052,0.073,0.079,0.084,0.089,0,0,0,0,0,0,0.038,0.045,0.05,0.056,0,0.334,0.44,0.542,0.67,0.939,0.996,0.999,0.999,1,0,0.015,0.019,0.021,0.025,0.04,0.06,0.066,0.072,0.08,0,0.989,0.991,0.993,0.995,1.001,1.004,1.005,1.006,1.006,0,-3307.507,-3317.883,-3328.535,-3340.705,-3382.433,-3422.99,-3434.765,-3444.324,-3454.284,0
"26","cov",43,0,2,1,500,2,2,0,6,4,"CE",7148.328,7171.535,7190.359,7212.243,7295.785,7377.629,7398.728,7415.456,7438.121,0,7143.133,7166.339,7185.163,7207.048,7290.59,7372.434,7393.533,7410.261,7432.926,0,7157.856,7181.063,7199.887,7221.771,7305.314,7387.157,7408.256,7424.984,7447.649,0,0.98,0.984,0.988,0.991,1,1,1,1,1,0,2,2,2,2,2,2,2,2,2,0,0,0,0,0,0,0,0,0,0,0,496.811,510.32,521.421,535.95,589.01,642.939,659.043,673.655,688.76,0,7,7,7,7,7,7,7,7,7,0,0.0088,0.0238,0.05,0.0958,0.4904,0.8988,0.9481,0.9721,0.9876,0,1.329,1.75,2.19,2.845,6.431,12.137,14.063,16.146,18.781,0,-3568.567,-3580.17,-3589.582,-3600.524,-3642.295,-3683.217,-3693.767,-3702.131,-3713.463,0,0,0,0,0,0,0,0,0.018,0.027,0,0,0,0.005,0.024,0.052,0.074,0.079,0.084,0.09,0,0,0,0,0,0,0.038,0.045,0.051,0.058,0,0.294,0.426,0.546,0.661,0.938,0.996,0.998,0.999,1,0,0.015,0.017,0.02,0.023,0.038,0.06,0.067,0.074,0.083,0,0.994,0.995,0.997,0.998,1,1.002,1.002,1.003,1.003,0,-3565.757,-3576.569,-3585.993,-3597.095,-3638.479,-3679.782,-3690.142,-3699.283,-3710.656,0
"27","cov",49,0,1,2,500,2,2,0,6,4,"CE",7612.69,7640.012,7661.145,7682.689,7764.168,7844.461,7866.762,7885.984,7907.529,0,7607.495,7634.817,7655.95,7677.494,7758.973,7839.266,7861.567,7880.789,7902.334,0,7622.218,7649.541,7670.673,7692.217,7773.696,7853.989,7876.29,7895.512,7917.057,0,0.896,0.922,0.938,0.956,1,1,1,1,1,0,2,2,2,2,2,2,2,2,2,0,0,0,0,0,0,0,0,0,0,0,76.448,81.383,86.775,93.047,118.901,147.922,156.193,163.679,173.785,0,7,7,7,7,7,7,7,7,7,0,0.0095,0.0268,0.0498,0.0945,0.4958,0.9014,0.9542,0.9762,0.9913,0,1.185,1.658,2.097,2.816,6.381,12.157,14.056,15.773,18.592,0,-3800.747,-3814.409,-3824.975,-3835.747,-3876.486,-3916.633,-3927.783,-3937.395,-3948.167,0,0,0,0,0,0,0,0,0.016,0.026,0,0,0,0,0.023,0.052,0.074,0.079,0.083,0.09,0,0,0,0,0,0,0.038,0.045,0.05,0.058,0,0.304,0.444,0.545,0.659,0.939,0.996,0.999,0.999,1,0,0.017,0.02,0.023,0.026,0.041,0.06,0.065,0.07,0.075,0,0.97,0.978,0.982,0.987,1.001,1.01,1.013,1.015,1.016,0,-3797.093,-3810.405,-3821.279,-3832.341,-3872.764,-3912.805,-3924.518,-3934.024,-3944.412,0
"28","cov",52,0,2,2,500,2,2,0,6,4,"CE",8015.447,8041.226,8061.046,8085.568,8170.452,8249.419,8270.564,8290.491,8315.051,0,8010.252,8036.03,8055.851,8080.373,8165.257,8244.224,8265.369,8285.296,8309.856,0,8024.975,8050.754,8070.574,8095.097,8179.98,8258.947,8280.092,8300.02,8324.579,0,0.958,0.968,0.976,0.983,1,1,1,1,1,0,2,2,2,2,2,2,2,2,2,0,0,0,0,0,0,0,0,0,0,0,222.235,231.878,240.197,250.171,288.195,331.251,344.296,355.363,369.263,0,7,7,7,7,7,7,7,7,7,0,0.0088,0.0248,0.0542,0.1044,0.4957,0.8945,0.9502,0.973,0.9873,0,1.328,1.736,2.163,2.891,6.377,11.88,13.837,16.032,18.792,0,-4002.126,-4015.015,-4024.925,-4037.187,-4079.628,-4119.112,-4129.685,-4139.648,-4151.928,0,0,0,0,0,0,0,0,0.017,0.027,0,0,0,0,0.024,0.052,0.073,0.078,0.084,0.09,0,0,0,0,0,0,0.037,0.044,0.051,0.058,0,0.294,0.432,0.559,0.677,0.939,0.996,0.998,0.999,1,0,0.017,0.02,0.022,0.025,0.04,0.059,0.065,0.072,0.08,0,0.988,0.991,0.993,0.995,1.001,1.004,1.005,1.005,1.006,0,-3998.303,-4012.261,-4021.697,-4033.592,-4076.268,-4115.57,-4126.479,-4136.732,-4148.962,0
"29","cov",58,0,1,1,1000,2,2,0,6,4,"CE",13344.12,13373.58,13409.07,13440.42,13557.96,13674.81,13706.21,13732.12,13763.88,0,13336.84,13366.31,13401.79,13433.15,13550.69,13667.53,13698.94,13724.85,13756.61,0,13353.65,13383.11,13418.6,13449.95,13567.49,13684.34,13715.75,13741.66,13773.41,0,0.98,0.984,0.988,0.991,1,1,1,1,1,0,2,2,2,2,2,2,2,2,2,0,0,0,0,0,0,0,0,0,0,0,478.533,492.635,504.917,522.206,576.724,636.056,652.633,666.602,684.388,0,7,7,7,7,7,7,7,7,7,0,0.0092,0.0237,0.0503,0.1017,0.4936,0.9017,0.9493,0.975,0.9885,0,1.259,1.682,2.177,2.814,6.397,11.95,14.036,16.155,18.675,0,-6665.423,-6680.154,-6697.897,-6713.576,-6772.344,-6830.767,-6846.471,-6859.426,-6875.304,0,0,0,0,0,0,0,0,0.012,0.019,0,0,0,0.002,0.016,0.037,0.052,0.056,0.06,0.064,0,0,0,0,0,0,0.027,0.032,0.036,0.041,0,0.716,0.816,0.885,0.936,0.995,1,1,1,1,0,0.011,0.013,0.015,0.018,0.028,0.042,0.046,0.05,0.055,0,0.994,0.995,0.996,0.998,1,1.002,1.002,1.003,1.003,0,-6661.302,-6676.935,-6693.747,-6710.269,-6769.066,-6827.347,-6843.419,-6855.942,-6871.415,0
"30","cov",61,0,2,1,1000,2,2,0,6,4,"CE",14373.67,14405.17,14433.73,14467.8,14580.07,14694.09,14726.16,14756.26,14782.3,0,14366.4,14397.9,14426.46,14460.52,14572.79,14686.81,14718.89,14748.99,14775.03,0,14383.2,14414.7,14443.26,14477.33,14589.6,14703.62,14735.69,14765.79,14791.83,0,0.99,0.992,0.994,0.995,1,1,1,1,1,0,2,2,2,2,2,2,2,2,2,0,0,0,0,0,0,0,0,0,0,0,1037.706,1059.212,1077.809,1099.177,1176.709,1253.827,1278.323,1295.454,1316.899,0,7,7,7,7,7,7,7,7,7,0,0.0097,0.0249,0.0485,0.0911,0.5028,0.8997,0.9491,0.9735,0.9885,0,1.293,1.721,2.182,2.835,6.318,12.297,14.156,16.008,18.488,0,-7180.199,-7195.95,-7210.23,-7227.262,-7283.397,-7340.407,-7356.443,-7371.496,-7384.516,0,0,0,0,0,0,0,0.003,0.012,0.018,0,0,0,0.003,0.017,0.037,0.052,0.056,0.059,0.064,0,0,0,0,0,0,0.028,0.032,0.036,0.041,0,0.721,0.821,0.882,0.929,0.995,1,1,1,1,0,0.01,0.012,0.014,0.016,0.027,0.042,0.047,0.051,0.059,0,0.997,0.998,0.998,0.999,1,1.001,1.001,1.001,1.001,0,-7176.916,-7192.744,-7206.963,-7223.412,-7279.997,-7337.157,-7352.681,-7368.306,-7380.418,0
"31","cov",67,0,1,2,1000,2,2,0,6,4,"CE",15317.77,15349.06,15374.41,15407.3,15522.73,15633.52,15663.65,15686.56,15725.08,0,15310.5,15341.79,15367.14,15400.03,15515.46,15626.25,15656.38,15679.29,15717.81,0,15327.31,15358.59,15383.94,15416.83,15532.26,15643.05,15673.19,15696.09,15734.61,0,0.951,0.961,0.97,0.979,1,1,1,1,1,0,2,2,2,2,2,2,2,2,2,0,0,0,0,0,0,0,0,0,0,0,170.809,181.856,190.066,200.191,237.44,277.046,289.401,300.551,311.817,0,7,7,7,7,7,7,7,7,7,0,0.0093,0.0254,0.0511,0.1006,0.4992,0.8993,0.9496,0.975,0.9907,0,1.204,1.688,2.174,2.84,6.353,11.99,14.007,15.951,18.511,0,-7652.251,-7667.893,-7680.569,-7697.013,-7754.73,-7810.125,-7825.191,-7836.644,-7855.903,0,0,0,0,0,0,0,0,0.012,0.018,0,0,0,0.002,0.017,0.037,0.052,0.056,0.059,0.064,0,0,0,0,0,0,0.027,0.032,0.036,0.041,0,0.717,0.823,0.886,0.935,0.995,1,1,1,1,0,0.012,0.014,0.016,0.019,0.029,0.042,0.046,0.049,0.053,0,0.986,0.989,0.991,0.994,1.001,1.005,1.006,1.007,1.008,0,-7648.891,-7664.315,-7676.647,-7693.59,-7751.203,-7806.885,-7821.934,-7832.941,-7852.184,0
"32","cov",70,0,2,2,1000,2,2,0,6,4,"CE",16122.82,16154.09,16184.47,16215.49,16328.83,16446.64,16479.24,16507.67,16538.36,0,16115.55,16146.82,16177.2,16208.22,16321.56,16439.37,16471.97,16500.4,16531.08,0,16132.35,16163.62,16194,16225.02,16338.36,16456.17,16488.77,16517.2,16547.89,0,0.981,0.985,0.988,0.991,1,1,1,1,1,0,2,2,2,2,2,2,2,2,2,0,0,0,0,0,0,0,0,0,0,0,476.014,493.101,506.006,519.888,576.414,634.32,653.423,668.066,688.105,0,7,7,7,7,7,7,7,7,7,0,0.0125,0.0249,0.0501,0.1012,0.5094,0.8956,0.9471,0.9723,0.9906,0,1.202,1.747,2.204,2.882,6.26,11.978,14.045,16.008,17.814,0,-8054.776,-8070.411,-8085.601,-8101.109,-8157.78,-8216.683,-8232.983,-8247.201,-8262.543,0,0,0,0,0,0,0,0,0.012,0.017,0,0,0,0.004,0.017,0.036,0.052,0.056,0.059,0.062,0,0,0,0,0,0,0.027,0.032,0.036,0.039,0,0.75,0.821,0.885,0.936,0.996,1,1,1,1,0,0.011,0.013,0.015,0.018,0.028,0.042,0.046,0.05,0.055,0,0.994,0.996,0.996,0.998,1,1.002,1.002,1.003,1.003,0,-8050.488,-8067.682,-8081.931,-8097.774,-8154.535,-8213.197,-8229.682,-8243.702,-8259.692,0
"33","uni",4,0,1,1,100,2,2,0,6,4,"CE",1290.641,1302.116,1310.954,1321.944,1358.661,1395.093,1403.71,1411.902,1421.339,0,1290.25,1301.725,1310.564,1321.553,1358.27,1394.702,1403.32,1411.512,1420.948,0,1300.145,1311.62,1320.459,1331.448,1368.165,1404.597,1413.215,1421.407,1430.843,0,0.776,0.825,0.87,0.909,1,1,1,1,1,0,2,2,2,2,2,2,2,2,2,0,0,0,0,0,0,0,0,0,0,0,29.881,33.74,36.86,41.182,58.644,78.554,84.372,89.665,95.596,0,7,7,7,7,7,7,7,7,7,0,0.009,0.0233,0.0486,0.0945,0.4747,0.8789,0.9396,0.9693,0.9879,0,1.309,1.812,2.324,3.061,6.572,12.18,14.148,16.208,18.704,0,-642.125,-647.863,-652.282,-657.776,-676.135,-694.351,-698.66,-702.756,-707.474,0,0,0,0,0,0,0,0.008,0.04,0.06,0,0,0,0.027,0.06,0.118,0.165,0.177,0.189,0.202,0,0,0,0,0,0,0.086,0.101,0.115,0.129,0,0.033,0.07,0.122,0.201,0.634,0.934,0.969,0.985,0.994,0,0.037,0.044,0.05,0.057,0.089,0.133,0.146,0.161,0.177,0,0.936,0.95,0.963,0.974,1.002,1.022,1.026,1.031,1.037,0,-638.28,-644.151,-648.728,-653.945,-672.532,-690.689,-695.654,-699.825,-704.945,0
"34","uni",7,0,2,1,100,2,2,0,6,4,"CE",1390.521,1402.493,1412.586,1423.636,1460.415,1496.93,1506.151,1515.226,1524.439,0,1390.131,1402.102,1412.195,1423.246,1460.024,1496.539,1505.761,1514.835,1524.048,0,1400.025,1411.997,1422.09,1433.141,1469.919,1506.434,1515.656,1524.73,1533.943,0,0.89,0.916,0.935,0.954,1,1,1,1,1,0,2,2,2,2,2,2,2,2,2,0,0,0,0,0,0,0,0,0,0,0,77.484,83.305,88.791,95.714,119.045,143.457,151.403,157.33,165.374,0,7,7,7,7,7,7,7,7,7,0,0.007,0.0183,0.0417,0.0911,0.4975,0.9005,0.9492,0.9756,0.991,0,1.197,1.676,2.178,2.825,6.368,12.3,14.577,16.843,19.395,0,-692.065,-698.051,-703.098,-708.623,-727.012,-745.27,-749.88,-754.418,-759.024,0,0,0,0,0,0,0,0.019,0.046,0.064,0,0,0,0.007,0.052,0.116,0.166,0.18,0.192,0.205,0,0,0,0,0,0,0.087,0.104,0.119,0.133,0,0.027,0.058,0.109,0.196,0.654,0.947,0.974,0.988,0.996,0,0.031,0.038,0.043,0.05,0.081,0.128,0.146,0.162,0.181,0,0.969,0.976,0.981,0.987,1.002,1.01,1.013,1.014,1.016,0,-688.571,-694.101,-699.385,-704.772,-723.311,-741.804,-746.504,-751.515,-755.705,0
"35","uni",13,0,1,2,100,2,2,0,6,4,"CE",1486.959,1496.862,1506.636,1517.983,1554.797,1591.148,1600.816,1610.141,1621.937,0,1486.568,1496.471,1506.246,1517.593,1554.407,1590.757,1600.425,1609.75,1621.547,0,1496.463,1506.366,1516.141,1527.487,1564.302,1600.652,1610.32,1619.645,1631.442,0,0.311,0.535,0.65,0.765,1,1,1,1,1,0,2,2,2,2,2,2,2,2,2,0,0,0,0,0,0,9e-04,0.0035,0.0093,0.022,0,7.609,9.334,11.29,13.954,24.739,38.384,42.857,47.019,52.503,0,7,7,7,7,7,7,7,7,7,0,0.0093,0.0224,0.0491,0.0976,0.4953,0.8967,0.947,0.9754,0.99,0,1.222,1.68,2.213,2.869,6.387,12.085,14.091,16.299,18.645,0,-740.284,-745.236,-750.123,-755.796,-774.203,-792.378,-797.213,-801.875,-807.773,0,0,0,0,0,0,0,0.004,0.041,0.059,0,0,0,0.014,0.054,0.116,0.164,0.177,0.189,0.202,0,0,0,0,0,0,0.085,0.101,0.115,0.129,0,0.034,0.068,0.123,0.206,0.652,0.944,0.973,0.988,0.995,0,0.039,0.045,0.052,0.06,0.092,0.134,0.149,0.163,0.186,0,0.803,0.867,0.9,0.933,1.007,1.061,1.083,1.108,1.156,0,-736.089,-741.493,-746.439,-752.332,-770.716,-788.983,-794.129,-798.578,-804.246,0
"36","uni",16,0,2,2,100,2,2,0,6,4,"CE",1565.993,1578.464,1588.439,1598.92,1635.31,1671.41,1681.07,1688.632,1697.092,0,1565.602,1578.074,1588.048,1598.529,1634.919,1671.02,1680.679,1688.241,1696.702,0,1575.497,1587.969,1597.943,1608.424,1644.814,1680.915,1690.574,1698.136,1706.597,0,0.779,0.829,0.867,0.907,1,1,1,1,1,0,2,2,2,2,2,2,2,2,2,0,0,0,0,0,0,0,0,0,0,0,29.569,33.242,36.948,41.544,58.885,78.532,85.039,90.187,97.154,0,7,7,7,7,7,7,7,7,7,0,0.0093,0.0224,0.0448,0.0911,0.4848,0.8925,0.9459,0.9742,0.9898,0,1.242,1.702,2.231,2.916,6.473,12.301,14.37,16.301,18.659,0,-779.801,-786.037,-791.024,-796.265,-814.46,-832.51,-837.34,-841.12,-845.351,0,0,0,0,0,0,0,0.015,0.041,0.059,0,0,0,0.017,0.056,0.117,0.166,0.178,0.189,0.202,0,0,0,0,0,0,0.087,0.103,0.115,0.129,0,0.034,0.068,0.115,0.196,0.643,0.942,0.972,0.987,0.995,0,0.036,0.042,0.048,0.056,0.089,0.134,0.151,0.164,0.181,0,0.937,0.951,0.962,0.973,1.003,1.022,1.027,1.032,1.039,0,-776.145,-782.539,-787.204,-792.455,-810.979,-829.014,-833.8,-837.76,-842.762,0
"37","uni",22,0,1,1,250,2,2,0,6,4,"CE",3288.178,3304.712,3319.528,3335.251,3393.111,3449.205,3466.085,3480.288,3495.646,0,3285.057,3301.59,3316.406,3332.129,3389.989,3446.084,3462.963,3477.166,3492.525,0,3297.7,3314.234,3329.05,3344.773,3402.633,3458.727,3475.607,3489.81,3505.169,0,0.92,0.937,0.952,0.965,1,1,1,1,1,0,2,2,2,2,2,2,2,2,2,0,0,0,0,0,0,0,0,0,0,0,95.869,104.064,109.715,117.492,145.055,174.247,182.942,191.297,198.396,0,7,7,7,7,7,7,7,7,7,0,0.0101,0.0263,0.0526,0.102,0.4988,0.9045,0.9557,0.9785,0.9903,0,1.211,1.6,2.073,2.779,6.356,11.953,13.919,15.866,18.369,0,-1639.528,-1647.795,-1655.203,-1663.065,-1691.995,-1720.042,-1728.481,-1735.583,-1743.262,0,0,0,0,0,0,0,0,0.023,0.036,0,0,0,0,0.032,0.073,0.103,0.111,0.118,0.127,0,0,0,0,0,0,0.053,0.063,0.071,0.081,0,0.111,0.193,0.283,0.4,0.814,0.98,0.992,0.997,0.999,0,0.022,0.026,0.03,0.034,0.055,0.08,0.089,0.098,0.109,0,0.977,0.982,0.986,0.99,1.001,1.009,1.01,1.012,1.013,0,-1636.439,-1644.176,-1651.816,-1659.486,-1688.524,-1716.943,-1725.112,-1731.863,-1739.852,0
"38","uni",25,0,2,1,250,2,2,0,6,4,"CE",3546.585,3562.568,3575.634,3592.227,3651.433,3706.133,3722.777,3736.625,3754.94,0,3543.463,3559.447,3572.512,3589.105,3648.311,3703.012,3719.655,3733.504,3751.819,0,3556.107,3572.09,3585.156,3601.749,3660.955,3715.656,3732.299,3746.148,3764.463,0,0.961,0.97,0.977,0.983,1,1,1,1,1,0,2,2,2,2,2,2,2,2,2,0,0,0,0,0,0,0,0,0,0,0,228.89,238.172,247.402,257.521,295.593,333.727,346.03,356.769,367.856,0,7,7,7,7,7,7,7,7,7,0,0.011,0.0259,0.0528,0.1008,0.4969,0.9032,0.9529,0.9783,0.9913,0,1.184,1.603,2.118,2.794,6.37,11.972,13.911,15.864,18.185,0,-1768.732,-1776.723,-1783.256,-1791.552,-1821.156,-1848.506,-1856.828,-1863.752,-1872.909,0,0,0,0,0,0,0,0,0.023,0.035,0,0,0,0,0.032,0.073,0.103,0.111,0.118,0.126,0,0,0,0,0,0,0.053,0.063,0.071,0.08,0,0.117,0.192,0.283,0.397,0.813,0.98,0.992,0.996,0.999,0,0.019,0.023,0.027,0.031,0.051,0.079,0.088,0.096,0.107,0,0.989,0.992,0.993,0.995,1.001,1.004,1.005,1.005,1.006,0,-1764.106,-1772.992,-1779.696,-1788.014,-1817.367,-1844.973,-1853.801,-1860.45,-1870.098,0
"39","uni",31,0,1,2,250,2,2,0,6,4,"CE",3781.922,3797.135,3810.25,3826.519,3884.095,3941.582,3956.325,3970.518,3989.555,0,3778.8,3794.014,3807.129,3823.397,3880.973,3938.46,3953.204,3967.396,3986.433,0,3791.444,3806.658,3819.772,3836.041,3893.617,3951.104,3965.848,3980.04,3999.077,0,0.764,0.828,0.872,0.908,1,1,1,1,1,0,2,2,2,2,2,2,2,2,2,0,0,0,0,0,0,0,0,0,0,0,30.537,34.755,38.516,42.582,60.272,81.069,87.431,92.996,100.048,0,7,7,7,7,7,7,7,7,7,0,0.0099,0.022,0.047,0.0978,0.49,0.8966,0.9474,0.9717,0.9894,0,1.264,1.762,2.208,2.87,6.434,12.085,14.239,16.2,18.436,0,-1886.4,-1894.007,-1900.564,-1908.699,-1937.487,-1966.23,-1973.602,-1980.698,-1990.217,0,0,0,0,0,0,0,0.007,0.025,0.037,0,0,0,0.009,0.034,0.074,0.104,0.112,0.119,0.127,0,0,0,0,0,0,0.054,0.064,0.073,0.081,0,0.11,0.175,0.266,0.391,0.808,0.978,0.99,0.995,0.998,0,0.025,0.029,0.033,0.038,0.058,0.084,0.092,0.099,0.108,0,0.933,0.951,0.963,0.974,1.003,1.022,1.026,1.031,1.039,0,-1882.011,-1889.815,-1896.378,-1904.59,-1933.941,-1962.596,-1970.558,-1977.717,-1986.906,0
"40","uni",34,0,2,2,250,2,2,0,6,4,"CE",3979.3,3992.863,4010.421,4027.181,4085.529,4142.229,4158.068,4174.389,4189.525,0,3976.179,3989.741,4007.3,4024.059,4082.408,4139.107,4154.946,4171.268,4186.404,0,3988.822,4002.385,4019.943,4036.703,4095.051,4151.751,4167.59,4183.911,4199.048,0,0.919,0.936,0.949,0.964,1,1,1,1,1,0,2,2,2,2,2,2,2,2,2,0,0,0,0,0,0,0,0,0,0,0,97.532,104.459,111.256,118.313,144.616,175.197,185.232,194.265,203.183,0,7,7,7,7,7,7,7,7,7,0,0.0097,0.024,0.0446,0.091,0.4948,0.8962,0.9504,0.9767,0.9917,0,1.158,1.645,2.15,2.876,6.392,12.302,14.317,16.126,18.498,0,-1985.089,-1991.87,-2000.65,-2009.03,-2038.204,-2066.553,-2074.473,-2082.634,-2090.202,0,0,0,0,0,0,0,0.008,0.025,0.037,0,0,0,0,0.034,0.074,0.105,0.113,0.119,0.127,0,0,0,0,0,0,0.055,0.065,0.072,0.081,0,0.109,0.183,0.259,0.377,0.811,0.978,0.991,0.996,0.999,0,0.022,0.026,0.03,0.035,0.055,0.08,0.09,0.098,0.106,0,0.977,0.982,0.985,0.99,1.001,1.008,1.01,1.012,1.013,0,-1980.257,-1988.094,-1997.068,-2005.588,-2034.794,-2063.165,-2071.367,-2079.484,-2087.038,0
"41","uni",40,0,1,1,500,2,2,0,6,4,"CE",6634.437,6655.905,6675.722,6699.62,6782.972,6864.175,6888.602,6906.798,6927.166,0,6629.242,6650.71,6670.527,6694.425,6777.777,6858.979,6883.407,6901.603,6921.971,0,6643.966,6665.433,6685.25,6709.148,6792.5,6873.703,6898.131,6916.326,6936.694,0,0.962,0.968,0.975,0.982,1,1,1,1,1,0,2,2,2,2,2,2,2,2,2,0,0,0,0,0,0,0,0,0,0,0,218.633,228.637,238.401,249.513,289.293,330.705,342.399,354.205,367.066,0,7,7,7,7,7,7,7,7,7,0,0.0122,0.0261,0.0489,0.1003,0.4954,0.9017,0.9536,0.9761,0.9895,0,1.247,1.661,2.105,2.808,6.385,12.005,14.11,15.886,17.943,0,-3311.621,-3322.355,-3332.263,-3344.213,-3385.888,-3426.49,-3438.704,-3447.801,-3457.985,0,0,0,0,0,0,0,0.002,0.016,0.024,0,0,0,0,0.023,0.052,0.073,0.079,0.084,0.089,0,0,0,0,0,0,0.038,0.045,0.05,0.056,0,0.334,0.44,0.542,0.67,0.939,0.996,0.999,0.999,1,0,0.015,0.019,0.021,0.025,0.039,0.057,0.063,0.068,0.075,0,0.989,0.991,0.993,0.995,1.001,1.004,1.005,1.006,1.006,0,-3307.506,-3317.883,-3328.537,-3340.704,-3382.433,-3422.99,-3434.765,-3444.325,-3454.283,0
"42","uni",43,0,2,1,500,2,2,0,6,4,"CE",7148.33,7171.536,7190.357,7212.245,7295.791,7377.631,7398.726,7415.456,7438.124,0,7143.135,7166.341,7185.162,7207.05,7290.596,7372.436,7393.531,7410.261,7432.929,0,7157.858,7181.064,7199.885,7221.774,7305.319,7387.159,7408.254,7424.985,7447.652,0,0.98,0.984,0.988,0.991,1,1,1,1,1,0,2,2,2,2,2,2,2,2,2,0,0,0,0,0,0,0,0,0,0,0,496.81,510.32,521.421,535.95,589.009,642.94,659.045,673.654,688.759,0,7,7,7,7,7,7,7,7,7,0,0.0088,0.0238,0.05,0.0959,0.4904,0.8989,0.9481,0.9721,0.9876,0,1.329,1.75,2.19,2.845,6.431,12.137,14.063,16.146,18.781,0,-3568.568,-3580.171,-3589.581,-3600.525,-3642.298,-3683.218,-3693.766,-3702.131,-3713.464,0,0,0,0,0,0,0,0,0.018,0.027,0,0,0,0.005,0.024,0.052,0.074,0.079,0.084,0.09,0,0,0,0,0,0,0.038,0.045,0.051,0.058,0,0.294,0.426,0.546,0.661,0.938,0.996,0.998,0.999,1,0,0.014,0.017,0.019,0.022,0.037,0.055,0.061,0.067,0.074,0,0.994,0.995,0.997,0.998,1,1.002,1.002,1.003,1.003,0,-3565.756,-3576.568,-3585.993,-3597.095,-3638.478,-3679.783,-3690.14,-3699.284,-3710.656,0
"43","uni",49,0,1,2,500,2,2,0,6,4,"CE",7612.689,7640.011,7661.146,7682.689,7764.169,7844.459,7866.765,7885.985,7907.528,0,7607.494,7634.816,7655.951,7677.494,7758.974,7839.264,7861.57,7880.79,7902.333,0,7622.217,7649.54,7670.674,7692.217,7773.697,7853.988,7876.293,7895.513,7917.056,0,0.896,0.922,0.938,0.956,1,1,1,1,1,0,2,2,2,2,2,2,2,2,2,0,0,0,0,0,0,0,0,0,0,0,76.448,81.383,86.775,93.047,118.901,147.923,156.192,163.68,173.787,0,7,7,7,7,7,7,7,7,7,0,0.0095,0.0268,0.0498,0.0945,0.4958,0.9014,0.9542,0.9762,0.9913,0,1.185,1.658,2.097,2.816,6.381,12.157,14.056,15.773,18.592,0,-3800.747,-3814.408,-3824.976,-3835.747,-3876.487,-3916.632,-3927.785,-3937.395,-3948.166,0,0,0,0,0,0,0,0,0.016,0.026,0,0,0,0,0.023,0.052,0.074,0.079,0.083,0.09,0,0,0,0,0,0,0.038,0.045,0.05,0.058,0,0.304,0.444,0.545,0.659,0.939,0.996,0.999,0.999,1,0,0.017,0.02,0.023,0.026,0.04,0.058,0.064,0.068,0.073,0,0.97,0.978,0.982,0.987,1.001,1.01,1.013,1.015,1.016,0,-3797.093,-3810.405,-3821.279,-3832.34,-3872.764,-3912.805,-3924.517,-3934.024,-3944.412,0
"44","uni",52,0,2,2,500,2,2,0,6,4,"CE",8015.447,8041.227,8061.046,8085.568,8170.453,8249.42,8270.563,8290.493,8315.053,0,8010.252,8036.032,8055.851,8080.372,8165.258,8244.225,8265.368,8285.298,8309.858,0,8024.975,8050.755,8070.575,8095.096,8179.981,8258.948,8280.092,8300.021,8324.581,0,0.958,0.968,0.976,0.983,1,1,1,1,1,0,2,2,2,2,2,2,2,2,2,0,0,0,0,0,0,0,0,0,0,0,222.236,231.878,240.196,250.17,288.196,331.253,344.294,355.364,369.264,0,7,7,7,7,7,7,7,7,7,0,0.0088,0.0248,0.0542,0.1044,0.4958,0.8945,0.9502,0.973,0.9873,0,1.328,1.736,2.163,2.891,6.376,11.88,13.837,16.032,18.792,0,-4002.126,-4015.016,-4024.926,-4037.186,-4079.629,-4119.112,-4129.684,-4139.649,-4151.929,0,0,0,0,0,0,0,0,0.017,0.027,0,0,0,0,0.024,0.052,0.073,0.078,0.084,0.09,0,0,0,0,0,0,0.037,0.044,0.051,0.058,0,0.294,0.432,0.559,0.677,0.939,0.996,0.998,0.999,1,0,0.017,0.019,0.022,0.025,0.039,0.056,0.062,0.068,0.075,0,0.988,0.991,0.993,0.995,1.001,1.004,1.005,1.005,1.006,0,-3998.304,-4012.261,-4021.697,-4033.592,-4076.268,-4115.57,-4126.48,-4136.732,-4148.962,0
"45","uni",58,0,1,1,1000,2,2,0,6,4,"CE",13344.12,13373.58,13409.06,13440.42,13557.96,13674.81,13706.21,13732.11,13763.89,0,13336.85,13366.3,13401.79,13433.15,13550.69,13667.53,13698.94,13724.84,13756.62,0,13353.65,13383.11,13418.59,13449.96,13567.49,13684.34,13715.74,13741.65,13773.42,0,0.98,0.984,0.988,0.991,1,1,1,1,1,0,2,2,2,2,2,2,2,2,2,0,0,0,0,0,0,0,0,0,0,0,478.534,492.631,504.919,522.201,576.728,636.055,652.632,666.603,684.388,0,7,7,7,7,7,7,7,7,7,0,0.0092,0.0237,0.0503,0.1017,0.4936,0.9017,0.9493,0.975,0.9885,0,1.259,1.683,2.177,2.813,6.397,11.95,14.036,16.155,18.675,0,-6665.424,-6680.152,-6697.896,-6713.577,-6772.343,-6830.767,-6846.47,-6859.422,-6875.309,0,0,0,0,0,0,0,0,0.012,0.019,0,0,0,0.002,0.016,0.037,0.052,0.056,0.06,0.064,0,0,0,0,0,0,0.027,0.032,0.036,0.041,0,0.716,0.816,0.885,0.936,0.995,1,1,1,1,0,0.011,0.013,0.015,0.018,0.027,0.04,0.044,0.047,0.052,0,0.994,0.995,0.996,0.998,1,1.002,1.002,1.003,1.003,0,-6661.302,-6676.933,-6693.746,-6710.27,-6769.067,-6827.347,-6843.415,-6855.943,-6871.42,0
"46","uni",61,0,2,1,1000,2,2,0,6,4,"CE",14373.67,14405.17,14433.74,14467.8,14580.07,14694.09,14726.16,14756.26,14782.31,0,14366.4,14397.9,14426.46,14460.53,14572.8,14686.82,14718.89,14748.99,14775.04,0,14383.2,14414.7,14443.27,14477.33,14589.6,14703.62,14735.69,14765.79,14791.84,0,0.99,0.992,0.994,0.995,1,1,1,1,1,0,2,2,2,2,2,2,2,2,2,0,0,0,0,0,0,0,0,0,0,0,1037.703,1059.216,1077.812,1099.178,1176.71,1253.827,1278.317,1295.448,1316.894,0,7,7,7,7,7,7,7,7,7,0,0.0097,0.0249,0.0485,0.0911,0.5028,0.8997,0.9491,0.9735,0.9885,0,1.294,1.722,2.182,2.835,6.318,12.297,14.155,16.007,18.488,0,-7180.199,-7195.949,-7210.232,-7227.264,-7283.399,-7340.409,-7356.446,-7371.495,-7384.52,0,0,0,0,0,0,0,0.003,0.012,0.018,0,0,0,0.003,0.017,0.037,0.052,0.056,0.059,0.064,0,0,0,0,0,0,0.028,0.032,0.036,0.041,0,0.721,0.821,0.882,0.929,0.995,1,1,1,1,0,0.01,0.012,0.014,0.016,0.025,0.039,0.043,0.046,0.052,0,0.997,0.998,0.998,0.999,1,1.001,1.001,1.001,1.001,0,-7176.915,-7192.748,-7206.962,-7223.411,-7280.002,-7337.155,-7352.679,-7368.3,-7380.42,0
"47","uni",67,0,1,2,1000,2,2,0,6,4,"CE",15317.78,15349.07,15374.41,15407.3,15522.73,15633.52,15663.66,15686.56,15725.08,0,15310.5,15341.79,15367.14,15400.03,15515.46,15626.25,15656.39,15679.29,15717.81,0,15327.31,15358.6,15383.94,15416.83,15532.26,15643.05,15673.19,15696.09,15734.61,0,0.951,0.961,0.97,0.979,1,1,1,1,1,0,2,2,2,2,2,2,2,2,2,0,0,0,0,0,0,0,0,0,0,0,170.811,181.856,190.066,200.189,237.439,277.048,289.401,300.551,311.816,0,7,7,7,7,7,7,7,7,7,0,0.0093,0.0254,0.051,0.1006,0.4992,0.8993,0.9496,0.975,0.9907,0,1.204,1.688,2.174,2.84,6.352,11.99,14.007,15.95,18.511,0,-7652.252,-7667.897,-7680.569,-7697.014,-7754.73,-7810.125,-7825.192,-7836.644,-7855.904,0,0,0,0,0,0,0,0,0.012,0.018,0,0,0,0.002,0.017,0.037,0.052,0.056,0.059,0.064,0,0,0,0,0,0,0.027,0.032,0.036,0.041,0,0.717,0.823,0.886,0.935,0.995,1,1,1,1,0,0.012,0.014,0.016,0.019,0.028,0.041,0.044,0.048,0.051,0,0.986,0.989,0.991,0.994,1.001,1.005,1.006,1.007,1.008,0,-7648.89,-7664.314,-7676.646,-7693.591,-7751.201,-7806.886,-7821.935,-7832.938,-7852.183,0
"48","uni",70,0,2,2,1000,2,2,0,6,4,"CE",16122.82,16154.09,16184.47,16215.49,16328.83,16446.64,16479.24,16507.67,16538.36,0,16115.55,16146.82,16177.2,16208.22,16321.56,16439.36,16471.97,16500.4,16531.08,0,16132.35,16163.62,16194,16225.02,16338.36,16456.17,16488.77,16517.21,16547.89,0,0.981,0.985,0.988,0.991,1,1,1,1,1,0,2,2,2,2,2,2,2,2,2,0,0,0,0,0,0,0,0,0,0,0,476.014,493.099,506.006,519.89,576.413,634.32,653.425,668.068,688.107,0,7,7,7,7,7,7,7,7,7,0,0.0125,0.0249,0.0501,0.1012,0.5094,0.8956,0.9471,0.9723,0.9906,0,1.202,1.747,2.204,2.882,6.259,11.978,14.046,16.008,17.815,0,-8054.776,-8070.411,-8085.6,-8101.108,-8157.781,-8216.682,-8232.983,-8247.201,-8262.542,0,0,0,0,0,0,0,0,0.012,0.017,0,0,0,0.004,0.017,0.036,0.052,0.056,0.059,0.062,0,0,0,0,0,0,0.027,0.032,0.036,0.039,0,0.75,0.821,0.885,0.936,0.996,1,1,1,1,0,0.011,0.013,0.015,0.017,0.027,0.04,0.044,0.047,0.051,0,0.994,0.996,0.996,0.998,1,1.002,1.002,1.003,1.003,0,-8050.489,-8067.682,-8081.932,-8097.774,-8154.536,-8213.198,-8229.681,-8243.704,-8259.692,0
