"","Method","id","ace_a","ace_c","ace_e","n","NGroups","NDependentVars","NIndependentVars","NContinuousLatentVars","Parameters","aBIC_ace_0.01","aBIC_ace_0.025","aBIC_ace_0.05","aBIC_ace_0.1","aBIC_ace_0.5","aBIC_ace_0.9","aBIC_ace_0.95","aBIC_ace_0.975","aBIC_ace_0.99","aBIC_ace_NA","aBIC_ae_0.01","aBIC_ae_0.025","aBIC_ae_0.05","aBIC_ae_0.1","aBIC_ae_0.5","aBIC_ae_0.9","aBIC_ae_0.95","aBIC_ae_0.975","aBIC_ae_0.99","aBIC_ae_NA","aBIC_ce_0.01","aBIC_ce_0.025","aBIC_ce_0.05","aBIC_ce_0.1","aBIC_ce_0.5","aBIC_ce_0.9","aBIC_ce_0.95","aBIC_ce_0.975","aBIC_ce_0.99","aBIC_ce_NA","AIC_ace_0.01","AIC_ace_0.025","AIC_ace_0.05","AIC_ace_0.1","AIC_ace_0.5","AIC_ace_0.9","AIC_ace_0.95","AIC_ace_0.975","AIC_ace_0.99","AIC_ace_NA","AIC_ae_0.01","AIC_ae_0.025","AIC_ae_0.05","AIC_ae_0.1","AIC_ae_0.5","AIC_ae_0.9","AIC_ae_0.95","AIC_ae_0.975","AIC_ae_0.99","AIC_ae_NA","AIC_ce_0.01","AIC_ce_0.025","AIC_ce_0.05","AIC_ce_0.1","AIC_ce_0.5","AIC_ce_0.9","AIC_ce_0.95","AIC_ce_0.975","AIC_ce_0.99","AIC_ce_NA","BIC_ace_0.01","BIC_ace_0.025","BIC_ace_0.05","BIC_ace_0.1","BIC_ace_0.5","BIC_ace_0.9","BIC_ace_0.95","BIC_ace_0.975","BIC_ace_0.99","BIC_ace_NA","BIC_ae_0.01","BIC_ae_0.025","BIC_ae_0.05","BIC_ae_0.1","BIC_ae_0.5","BIC_ae_0.9","BIC_ae_0.95","BIC_ae_0.975","BIC_ae_0.99","BIC_ae_NA","BIC_ce_0.01","BIC_ce_0.025","BIC_ce_0.05","BIC_ce_0.1","BIC_ce_0.5","BIC_ce_0.9","BIC_ce_0.95","BIC_ce_0.975","BIC_ce_0.99","BIC_ce_NA","CFI_ace_0.01","CFI_ace_0.025","CFI_ace_0.05","CFI_ace_0.1","CFI_ace_0.5","CFI_ace_0.9","CFI_ace_0.95","CFI_ace_0.975","CFI_ace_0.99","CFI_ace_NA","CFI_ae_0.01","CFI_ae_0.025","CFI_ae_0.05","CFI_ae_0.1","CFI_ae_0.5","CFI_ae_0.9","CFI_ae_0.95","CFI_ae_0.975","CFI_ae_0.99","CFI_ae_NA","CFI_ce_0.01","CFI_ce_0.025","CFI_ce_0.05","CFI_ce_0.1","CFI_ce_0.5","CFI_ce_0.9","CFI_ce_0.95","CFI_ce_0.975","CFI_ce_0.99","CFI_ce_NA","ChiSqBaseline_DF_ace_0.01","ChiSqBaseline_DF_ace_0.025","ChiSqBaseline_DF_ace_0.05","ChiSqBaseline_DF_ace_0.1","ChiSqBaseline_DF_ace_0.5","ChiSqBaseline_DF_ace_0.9","ChiSqBaseline_DF_ace_0.95","ChiSqBaseline_DF_ace_0.975","ChiSqBaseline_DF_ace_0.99","ChiSqBaseline_DF_ace_NA","ChiSqBaseline_DF_ae_0.01","ChiSqBaseline_DF_ae_0.025","ChiSqBaseline_DF_ae_0.05","ChiSqBaseline_DF_ae_0.1","ChiSqBaseline_DF_ae_0.5","ChiSqBaseline_DF_ae_0.9","ChiSqBaseline_DF_ae_0.95","ChiSqBaseline_DF_ae_0.975","ChiSqBaseline_DF_ae_0.99","ChiSqBaseline_DF_ae_NA","ChiSqBaseline_DF_ce_0.01","ChiSqBaseline_DF_ce_0.025","ChiSqBaseline_DF_ce_0.05","ChiSqBaseline_DF_ce_0.1","ChiSqBaseline_DF_ce_0.5","ChiSqBaseline_DF_ce_0.9","ChiSqBaseline_DF_ce_0.95","ChiSqBaseline_DF_ce_0.975","ChiSqBaseline_DF_ce_0.99","ChiSqBaseline_DF_ce_NA","ChiSqBaseline_PValue_ace_0.01","ChiSqBaseline_PValue_ace_0.025","ChiSqBaseline_PValue_ace_0.05","ChiSqBaseline_PValue_ace_0.1","ChiSqBaseline_PValue_ace_0.5","ChiSqBaseline_PValue_ace_0.9","ChiSqBaseline_PValue_ace_0.95","ChiSqBaseline_PValue_ace_0.975","ChiSqBaseline_PValue_ace_0.99","ChiSqBaseline_PValue_ace_NA","ChiSqBaseline_PValue_ae_0.01","ChiSqBaseline_PValue_ae_0.025","ChiSqBaseline_PValue_ae_0.05","ChiSqBaseline_PValue_ae_0.1","ChiSqBaseline_PValue_ae_0.5","ChiSqBaseline_PValue_ae_0.9","ChiSqBaseline_PValue_ae_0.95","ChiSqBaseline_PValue_ae_0.975","ChiSqBaseline_PValue_ae_0.99","ChiSqBaseline_PValue_ae_NA","ChiSqBaseline_PValue_ce_0.01","ChiSqBaseline_PValue_ce_0.025","ChiSqBaseline_PValue_ce_0.05","ChiSqBaseline_PValue_ce_0.1","ChiSqBaseline_PValue_ce_0.5","ChiSqBaseline_PValue_ce_0.9","ChiSqBaseline_PValue_ce_0.95","ChiSqBaseline_PValue_ce_0.975","ChiSqBaseline_PValue_ce_0.99","ChiSqBaseline_PValue_ce_NA","ChiSqBaseline_Value_ace_0.01","ChiSqBaseline_Value_ace_0.025","ChiSqBaseline_Value_ace_0.05","ChiSqBaseline_Value_ace_0.1","ChiSqBaseline_Value_ace_0.5","ChiSqBaseline_Value_ace_0.9","ChiSqBaseline_Value_ace_0.95","ChiSqBaseline_Value_ace_0.975","ChiSqBaseline_Value_ace_0.99","ChiSqBaseline_Value_ace_NA","ChiSqBaseline_Value_ae_0.01","ChiSqBaseline_Value_ae_0.025","ChiSqBaseline_Value_ae_0.05","ChiSqBaseline_Value_ae_0.1","ChiSqBaseline_Value_ae_0.5","ChiSqBaseline_Value_ae_0.9","ChiSqBaseline_Value_ae_0.95","ChiSqBaseline_Value_ae_0.975","ChiSqBaseline_Value_ae_0.99","ChiSqBaseline_Value_ae_NA","ChiSqBaseline_Value_ce_0.01","ChiSqBaseline_Value_ce_0.025","ChiSqBaseline_Value_ce_0.05","ChiSqBaseline_Value_ce_0.1","ChiSqBaseline_Value_ce_0.5","ChiSqBaseline_Value_ce_0.9","ChiSqBaseline_Value_ce_0.95","ChiSqBaseline_Value_ce_0.975","ChiSqBaseline_Value_ce_0.99","ChiSqBaseline_Value_ce_NA","ChiSqM_DF_ace_0.01","ChiSqM_DF_ace_0.025","ChiSqM_DF_ace_0.05","ChiSqM_DF_ace_0.1","ChiSqM_DF_ace_0.5","ChiSqM_DF_ace_0.9","ChiSqM_DF_ace_0.95","ChiSqM_DF_ace_0.975","ChiSqM_DF_ace_0.99","ChiSqM_DF_ace_NA","ChiSqM_DF_ae_0.01","ChiSqM_DF_ae_0.025","ChiSqM_DF_ae_0.05","ChiSqM_DF_ae_0.1","ChiSqM_DF_ae_0.5","ChiSqM_DF_ae_0.9","ChiSqM_DF_ae_0.95","ChiSqM_DF_ae_0.975","ChiSqM_DF_ae_0.99","ChiSqM_DF_ae_NA","ChiSqM_DF_ce_0.01","ChiSqM_DF_ce_0.025","ChiSqM_DF_ce_0.05","ChiSqM_DF_ce_0.1","ChiSqM_DF_ce_0.5","ChiSqM_DF_ce_0.9","ChiSqM_DF_ce_0.95","ChiSqM_DF_ce_0.975","ChiSqM_DF_ce_0.99","ChiSqM_DF_ce_NA","ChiSqM_PValue_ace_0.01","ChiSqM_PValue_ace_0.025","ChiSqM_PValue_ace_0.05","ChiSqM_PValue_ace_0.1","ChiSqM_PValue_ace_0.5","ChiSqM_PValue_ace_0.9","ChiSqM_PValue_ace_0.95","ChiSqM_PValue_ace_0.975","ChiSqM_PValue_ace_0.99","ChiSqM_PValue_ace_NA","ChiSqM_PValue_ae_0.01","ChiSqM_PValue_ae_0.025","ChiSqM_PValue_ae_0.05","ChiSqM_PValue_ae_0.1","ChiSqM_PValue_ae_0.5","ChiSqM_PValue_ae_0.9","ChiSqM_PValue_ae_0.95","ChiSqM_PValue_ae_0.975","ChiSqM_PValue_ae_0.99","ChiSqM_PValue_ae_NA","ChiSqM_PValue_ce_0.01","ChiSqM_PValue_ce_0.025","ChiSqM_PValue_ce_0.05","ChiSqM_PValue_ce_0.1","ChiSqM_PValue_ce_0.5","ChiSqM_PValue_ce_0.9","ChiSqM_PValue_ce_0.95","ChiSqM_PValue_ce_0.975","ChiSqM_PValue_ce_0.99","ChiSqM_PValue_ce_NA","ChiSqM_Value_ace_0.01","ChiSqM_Value_ace_0.025","ChiSqM_Value_ace_0.05","ChiSqM_Value_ace_0.1","ChiSqM_Value_ace_0.5","ChiSqM_Value_ace_0.9","ChiSqM_Value_ace_0.95","ChiSqM_Value_ace_0.975","ChiSqM_Value_ace_0.99","ChiSqM_Value_ace_NA","ChiSqM_Value_ae_0.01","ChiSqM_Value_ae_0.025","ChiSqM_Value_ae_0.05","ChiSqM_Value_ae_0.1","ChiSqM_Value_ae_0.5","ChiSqM_Value_ae_0.9","ChiSqM_Value_ae_0.95","ChiSqM_Value_ae_0.975","ChiSqM_Value_ae_0.99","ChiSqM_Value_ae_NA","ChiSqM_Value_ce_0.01","ChiSqM_Value_ce_0.025","ChiSqM_Value_ce_0.05","ChiSqM_Value_ce_0.1","ChiSqM_Value_ce_0.5","ChiSqM_Value_ce_0.9","ChiSqM_Value_ce_0.95","ChiSqM_Value_ce_0.975","ChiSqM_Value_ce_0.99","ChiSqM_Value_ce_NA","LL_ace_0.01","LL_ace_0.025","LL_ace_0.05","LL_ace_0.1","LL_ace_0.5","LL_ace_0.9","LL_ace_0.95","LL_ace_0.975","LL_ace_0.99","LL_ace_NA","LL_ae_0.01","LL_ae_0.025","LL_ae_0.05","LL_ae_0.1","LL_ae_0.5","LL_ae_0.9","LL_ae_0.95","LL_ae_0.975","LL_ae_0.99","LL_ae_NA","LL_ce_0.01","LL_ce_0.025","LL_ce_0.05","LL_ce_0.1","LL_ce_0.5","LL_ce_0.9","LL_ce_0.95","LL_ce_0.975","LL_ce_0.99","LL_ce_NA","RMSEA_90CI_LB_ace_0.01","RMSEA_90CI_LB_ace_0.025","RMSEA_90CI_LB_ace_0.05","RMSEA_90CI_LB_ace_0.1","RMSEA_90CI_LB_ace_0.5","RMSEA_90CI_LB_ace_0.9","RMSEA_90CI_LB_ace_0.95","RMSEA_90CI_LB_ace_0.975","RMSEA_90CI_LB_ace_0.99","RMSEA_90CI_LB_ace_NA","RMSEA_90CI_LB_ae_0.01","RMSEA_90CI_LB_ae_0.025","RMSEA_90CI_LB_ae_0.05","RMSEA_90CI_LB_ae_0.1","RMSEA_90CI_LB_ae_0.5","RMSEA_90CI_LB_ae_0.9","RMSEA_90CI_LB_ae_0.95","RMSEA_90CI_LB_ae_0.975","RMSEA_90CI_LB_ae_0.99","RMSEA_90CI_LB_ae_NA","RMSEA_90CI_LB_ce_0.01","RMSEA_90CI_LB_ce_0.025","RMSEA_90CI_LB_ce_0.05","RMSEA_90CI_LB_ce_0.1","RMSEA_90CI_LB_ce_0.5","RMSEA_90CI_LB_ce_0.9","RMSEA_90CI_LB_ce_0.95","RMSEA_90CI_LB_ce_0.975","RMSEA_90CI_LB_ce_0.99","RMSEA_90CI_LB_ce_NA","RMSEA_90CI_UB_ace_0.01","RMSEA_90CI_UB_ace_0.025","RMSEA_90CI_UB_ace_0.05","RMSEA_90CI_UB_ace_0.1","RMSEA_90CI_UB_ace_0.5","RMSEA_90CI_UB_ace_0.9","RMSEA_90CI_UB_ace_0.95","RMSEA_90CI_UB_ace_0.975","RMSEA_90CI_UB_ace_0.99","RMSEA_90CI_UB_ace_NA","RMSEA_90CI_UB_ae_0.01","RMSEA_90CI_UB_ae_0.025","RMSEA_90CI_UB_ae_0.05","RMSEA_90CI_UB_ae_0.1","RMSEA_90CI_UB_ae_0.5","RMSEA_90CI_UB_ae_0.9","RMSEA_90CI_UB_ae_0.95","RMSEA_90CI_UB_ae_0.975","RMSEA_90CI_UB_ae_0.99","RMSEA_90CI_UB_ae_NA","RMSEA_90CI_UB_ce_0.01","RMSEA_90CI_UB_ce_0.025","RMSEA_90CI_UB_ce_0.05","RMSEA_90CI_UB_ce_0.1","RMSEA_90CI_UB_ce_0.5","RMSEA_90CI_UB_ce_0.9","RMSEA_90CI_UB_ce_0.95","RMSEA_90CI_UB_ce_0.975","RMSEA_90CI_UB_ce_0.99","RMSEA_90CI_UB_ce_NA","RMSEA_Estimate_ace_0.01","RMSEA_Estimate_ace_0.025","RMSEA_Estimate_ace_0.05","RMSEA_Estimate_ace_0.1","RMSEA_Estimate_ace_0.5","RMSEA_Estimate_ace_0.9","RMSEA_Estimate_ace_0.95","RMSEA_Estimate_ace_0.975","RMSEA_Estimate_ace_0.99","RMSEA_Estimate_ace_NA","RMSEA_Estimate_ae_0.01","RMSEA_Estimate_ae_0.025","RMSEA_Estimate_ae_0.05","RMSEA_Estimate_ae_0.1","RMSEA_Estimate_ae_0.5","RMSEA_Estimate_ae_0.9","RMSEA_Estimate_ae_0.95","RMSEA_Estimate_ae_0.975","RMSEA_Estimate_ae_0.99","RMSEA_Estimate_ae_NA","RMSEA_Estimate_ce_0.01","RMSEA_Estimate_ce_0.025","RMSEA_Estimate_ce_0.05","RMSEA_Estimate_ce_0.1","RMSEA_Estimate_ce_0.5","RMSEA_Estimate_ce_0.9","RMSEA_Estimate_ce_0.95","RMSEA_Estimate_ce_0.975","RMSEA_Estimate_ce_0.99","RMSEA_Estimate_ce_NA","RMSEA_pLT05_ace_0.01","RMSEA_pLT05_ace_0.025","RMSEA_pLT05_ace_0.05","RMSEA_pLT05_ace_0.1","RMSEA_pLT05_ace_0.5","RMSEA_pLT05_ace_0.9","RMSEA_pLT05_ace_0.95","RMSEA_pLT05_ace_0.975","RMSEA_pLT05_ace_0.99","RMSEA_pLT05_ace_NA","RMSEA_pLT05_ae_0.01","RMSEA_pLT05_ae_0.025","RMSEA_pLT05_ae_0.05","RMSEA_pLT05_ae_0.1","RMSEA_pLT05_ae_0.5","RMSEA_pLT05_ae_0.9","RMSEA_pLT05_ae_0.95","RMSEA_pLT05_ae_0.975","RMSEA_pLT05_ae_0.99","RMSEA_pLT05_ae_NA","RMSEA_pLT05_ce_0.01","RMSEA_pLT05_ce_0.025","RMSEA_pLT05_ce_0.05","RMSEA_pLT05_ce_0.1","RMSEA_pLT05_ce_0.5","RMSEA_pLT05_ce_0.9","RMSEA_pLT05_ce_0.95","RMSEA_pLT05_ce_0.975","RMSEA_pLT05_ce_0.99","RMSEA_pLT05_ce_NA","SRMR_ace_0.01","SRMR_ace_0.025","SRMR_ace_0.05","SRMR_ace_0.1","SRMR_ace_0.5","SRMR_ace_0.9","SRMR_ace_0.95","SRMR_ace_0.975","SRMR_ace_0.99","SRMR_ace_NA","SRMR_ae_0.01","SRMR_ae_0.025","SRMR_ae_0.05","SRMR_ae_0.1","SRMR_ae_0.5","SRMR_ae_0.9","SRMR_ae_0.95","SRMR_ae_0.975","SRMR_ae_0.99","SRMR_ae_NA","SRMR_ce_0.01","SRMR_ce_0.025","SRMR_ce_0.05","SRMR_ce_0.1","SRMR_ce_0.5","SRMR_ce_0.9","SRMR_ce_0.95","SRMR_ce_0.975","SRMR_ce_0.99","SRMR_ce_NA","TLI_ace_0.01","TLI_ace_0.025","TLI_ace_0.05","TLI_ace_0.1","TLI_ace_0.5","TLI_ace_0.9","TLI_ace_0.95","TLI_ace_0.975","TLI_ace_0.99","TLI_ace_NA","TLI_ae_0.01","TLI_ae_0.025","TLI_ae_0.05","TLI_ae_0.1","TLI_ae_0.5","TLI_ae_0.9","TLI_ae_0.95","TLI_ae_0.975","TLI_ae_0.99","TLI_ae_NA","TLI_ce_0.01","TLI_ce_0.025","TLI_ce_0.05","TLI_ce_0.1","TLI_ce_0.5","TLI_ce_0.9","TLI_ce_0.95","TLI_ce_0.975","TLI_ce_0.99","TLI_ce_NA","UnrestrictedLL_ace_0.01","UnrestrictedLL_ace_0.025","UnrestrictedLL_ace_0.05","UnrestrictedLL_ace_0.1","UnrestrictedLL_ace_0.5","UnrestrictedLL_ace_0.9","UnrestrictedLL_ace_0.95","UnrestrictedLL_ace_0.975","UnrestrictedLL_ace_0.99","UnrestrictedLL_ace_NA","UnrestrictedLL_ae_0.01","UnrestrictedLL_ae_0.025","UnrestrictedLL_ae_0.05","UnrestrictedLL_ae_0.1","UnrestrictedLL_ae_0.5","UnrestrictedLL_ae_0.9","UnrestrictedLL_ae_0.95","UnrestrictedLL_ae_0.975","UnrestrictedLL_ae_0.99","UnrestrictedLL_ae_NA","UnrestrictedLL_ce_0.01","UnrestrictedLL_ce_0.025","UnrestrictedLL_ce_0.05","UnrestrictedLL_ce_0.1","UnrestrictedLL_ce_0.5","UnrestrictedLL_ce_0.9","UnrestrictedLL_ce_0.95","UnrestrictedLL_ce_0.975","UnrestrictedLL_ce_0.99","UnrestrictedLL_ce_NA","TrueModel"
"1","cor",1,0,0,1,100,2,2,0,6,4,1133.053,1134.658,1135.775,1136.969,1139.408,1139.652,1139.652,1139.652,1139.652,2751,1131.589,1132.86,1134.101,1135.171,1137.344,1137.521,1137.521,1137.521,1137.521,1487,1131.78,1133.238,1134.501,1135.502,1137.432,1137.521,1137.521,1137.521,1137.521,985,1132.532,1134.137,1135.255,1136.448,1138.888,1139.131,1139.131,1139.131,1139.131,2751,1131.198,1132.47,1133.711,1134.781,1136.953,1137.131,1137.131,1137.131,1137.131,1487,1131.39,1132.847,1134.11,1135.112,1137.041,1137.131,1137.131,1137.131,1137.131,985,1145.725,1147.331,1148.448,1149.641,1152.081,1152.324,1152.324,1152.324,1152.324,2751,1141.093,1142.365,1143.606,1144.676,1146.848,1147.026,1147.026,1147.026,1147.026,1487,1141.285,1142.742,1144.005,1145.007,1146.936,1147.026,1147.026,1147.026,1147.026,985,1,1,1,1,1,1,1,1,1,2751,1,1,1,1,1,1,1,1,1,1487,0.92,1,1,1,1,1,1,1,1,985,2,2,2,2,2,2,2,2,2,2751,2,2,2,2,2,2,2,2,2,1487,2,2,2,2,2,2,2,2,2,985,0.0182,0.0504,0.0892,0.1592,0.5748,0.9397,0.9683,0.9854,0.9943,2751,0.0116,0.0298,0.0571,0.1165,0.5219,0.9108,0.9557,0.9791,0.992,1487,0.0112,0.0291,0.0582,0.1109,0.518,0.908,0.9545,0.9763,0.9909,985,0.011,0.029,0.064,0.124,1.105,3.673,4.828,5.966,7.993,2751,0.016,0.042,0.091,0.187,1.298,4.297,5.724,6.991,8.88,1487,0.018,0.048,0.093,0.193,1.316,4.399,5.679,7.058,8.972,985,6,6,6,6,6,6,6,6,6,2751,7,7,7,7,7,7,7,7,7,1487,7,7,7,7,7,7,7,7,7,985,0.5216,0.694,0.7961,0.8985,0.9998,1,1,1,1,2751,0.4451,0.5961,0.783,0.8946,0.999,1,1,1,1,1487,0.385,0.5696,0.7172,0.8498,0.9981,1,1,1,1,985,0,0,0,0,0.223,2.207,3.097,3.866,5.152,2751,0,0.002,0.008,0.029,0.606,2.894,3.971,5.508,6.822,1487,0,0.002,0.009,0.029,0.732,3.36,4.529,5.726,7.356,985,-562.266,-563.069,-563.627,-564.224,-565.444,-565.565,-565.565,-565.565,-565.565,2751,-562.599,-563.235,-563.855,-564.39,-565.477,-565.565,-565.565,-565.565,-565.565,1487,-562.695,-563.424,-564.055,-564.556,-565.521,-565.565,-565.565,-565.565,-565.565,985,0,0,0,0,0,0,0,0,0,2751,0,0,0,0,0,0,0,0,0,1487,0,0,0,0,0,0,0,0,0,985,0,0,0,0,0,0.056,0.084,0.1,0.119,2751,0,0,0,0,0,0.055,0.082,0.106,0.121,1487,0,0,0,0,0,0.068,0.092,0.109,0.126,985,0,0,0,0,0,0,0,0,0,2751,0,0,0,0,0,0,0,0,0,1487,0,0,0,0,0,0,0,0,0.023,985,0.664,0.802,0.875,0.942,1,1,1,1,1,2751,0.607,0.736,0.873,0.943,1,1,1,1,1,1487,0.551,0.715,0.827,0.916,0.999,1,1,1,1,985,0,0,0,0,0.015,0.047,0.055,0.062,0.071,2751,0.001,0.001,0.003,0.005,0.024,0.053,0.062,0.073,0.082,1487,0.001,0.001,0.003,0.005,0.027,0.057,0.067,0.075,0.085,985,1,1,1,1,1,3.285,6.717,12.471,28.405,2751,1,1,1,1,1,3.175,5.776,11.443,23.212,1487,0.977,1,1,1,1,3.159,6.175,11.787,24.103,985,-561.56,-562.577,-563.148,-563.728,-565.012,-565.503,-565.533,-565.551,-565.56,2751,-561.105,-562.052,-562.702,-563.415,-564.915,-565.472,-565.52,-565.544,-565.557,1487,-561.074,-562.029,-562.721,-563.366,-564.908,-565.469,-565.519,-565.541,-565.556,985,"E"
"2","cor",10,0,0,2,100,2,2,0,6,4,1133.405,1134.393,1135.534,1136.833,1139.452,1139.652,1139.652,1139.652,1139.652,2790,1131.539,1132.815,1133.944,1135.158,1137.377,1137.521,1137.521,1137.521,1137.521,1515,1131.372,1133.126,1134.21,1135.409,1137.462,1137.521,1137.521,1137.521,1137.521,1022,1132.884,1133.872,1135.014,1136.312,1138.931,1139.131,1139.131,1139.131,1139.131,2790,1131.149,1132.424,1133.554,1134.767,1136.986,1137.131,1137.131,1137.131,1137.131,1515,1130.981,1132.735,1133.819,1135.019,1137.071,1137.131,1137.131,1137.131,1137.131,1022,1146.077,1147.065,1148.207,1149.505,1152.125,1152.324,1152.324,1152.324,1152.324,2790,1141.044,1142.319,1143.449,1144.662,1146.881,1147.026,1147.026,1147.026,1147.026,1515,1140.876,1142.63,1143.714,1144.913,1146.966,1147.026,1147.026,1147.026,1147.026,1022,1,1,1,1,1,1,1,1,1,2790,0.856,1,1,1,1,1,1,1,1,1515,0.968,1,1,1,1,1,1,1,1,1022,2,2,2,2,2,2,2,2,2,2790,2,2,2,2,2,2,2,2,2,1515,2,2,2,2,2,2,2,2,2,1022,0.0174,0.051,0.0846,0.1442,0.6029,0.946,0.9774,0.9903,0.997,2790,0.0091,0.0254,0.0548,0.1078,0.5269,0.9191,0.9653,0.9844,0.9953,1515,0.0098,0.0271,0.0608,0.1058,0.5246,0.9208,0.9607,0.9818,0.9947,1022,0.006,0.017,0.045,0.111,1.011,3.861,4.935,5.921,8.035,2790,0.009,0.031,0.07,0.168,1.28,4.451,5.798,7.307,9.296,1515,0.01,0.037,0.079,0.165,1.29,4.485,5.596,7.181,9.196,1022,6,6,6,6,6,6,6,6,6,2790,7,7,7,7,7,7,7,7,7,1515,7,7,7,7,7,7,7,7,7,1022,0.5547,0.6959,0.8173,0.9047,0.9998,1,1,1,1,2790,0.344,0.5833,0.7515,0.8851,0.9989,1,1,1,1,1515,0.4109,0.6023,0.7195,0.8469,0.9984,1,1,1,1,1022,0,0,0,0,0.208,2.136,2.929,3.842,4.895,2790,0,0.001,0.006,0.026,0.608,2.998,4.214,5.62,7.844,1515,0,0.002,0.008,0.031,0.693,3.381,4.51,5.442,7.168,1022,-562.442,-562.936,-563.507,-564.156,-565.466,-565.565,-565.565,-565.565,-565.565,2790,-562.574,-563.212,-563.777,-564.384,-565.493,-565.565,-565.565,-565.565,-565.565,1515,-562.491,-563.368,-563.909,-564.509,-565.535,-565.565,-565.565,-565.565,-565.565,1022,0,0,0,0,0,0,0,0,0,2790,0,0,0,0,0,0,0,0,0,1515,0,0,0,0,0,0,0,0,0,1022,0,0,0,0,0,0.053,0.08,0.099,0.116,2790,0,0,0,0,0,0.058,0.086,0.107,0.131,1515,0,0,0,0,0,0.069,0.091,0.105,0.125,1022,0,0,0,0,0,0,0,0,0,2790,0,0,0,0,0,0,0,0,0.035,1515,0,0,0,0,0,0,0,0,0.015,1022,0.692,0.804,0.89,0.946,1,1,1,1,1,2790,0.51,0.726,0.851,0.938,1,1,1,1,1,1515,0.576,0.741,0.829,0.914,0.999,1,1,1,1,1022,0,0,0,0,0.014,0.046,0.054,0.062,0.069,2790,0,0.001,0.002,0.005,0.025,0.054,0.064,0.074,0.087,1515,0.001,0.001,0.003,0.005,0.026,0.058,0.066,0.073,0.083,1022,1,1,1,1,1,3.119,6.015,11.402,26.601,2790,0.959,1,1,1,1,2.935,5.106,11.492,29.545,1515,0.991,1,1,1,1,2.906,5.259,11.074,25.77,1022,-561.516,-562.59,-563.095,-563.629,-565.059,-565.51,-565.542,-565.556,-565.562,2790,-560.863,-561.891,-562.662,-563.338,-564.925,-565.481,-565.53,-565.55,-565.561,1515,-560.945,-561.957,-562.766,-563.319,-564.92,-565.483,-565.525,-565.547,-565.56,1022,"E"
"3","cor",19,0,0,1,250,2,2,0,6,4,2839.502,2841.338,2842.369,2843.436,2845.849,2846.031,2846.031,2846.031,2846.031,2272,2837.384,2838.813,2839.804,2840.791,2842.892,2842.991,2842.991,2842.991,2842.991,1124,2837.63,2838.894,2839.948,2840.962,2842.943,2842.991,2842.991,2842.991,2842.991,810,2835.34,2837.176,2838.207,2839.274,2841.686,2841.869,2841.869,2841.869,2841.869,2272,2834.263,2835.691,2836.683,2837.67,2839.77,2839.869,2839.869,2839.869,2839.869,1124,2834.509,2835.773,2836.826,2837.84,2839.821,2839.869,2839.869,2839.869,2839.869,810,2852.199,2854.034,2855.066,2856.132,2858.545,2858.727,2858.727,2858.728,2858.728,2272,2846.906,2848.335,2849.327,2850.313,2852.414,2852.513,2852.513,2852.513,2852.513,1124,2847.152,2848.416,2849.47,2850.484,2852.465,2852.513,2852.513,2852.513,2852.513,810,0.971,1,1,1,1,1,1,1,1,2272,0.876,1,1,1,1,1,1,1,1,1124,0.923,1,1,1,1,1,1,1,1,810,2,2,2,2,2,2,2,2,2,2272,2,2,2,2,2,2,2,2,2,1124,2,2,2,2,2,2,2,2,2,810,0.0161,0.0439,0.087,0.1482,0.6054,0.9379,0.9735,0.9867,0.9954,2272,0.0111,0.026,0.0606,0.1145,0.5309,0.9239,0.9653,0.9821,0.993,1124,0.0116,0.0316,0.0603,0.1093,0.4993,0.9206,0.9608,0.9807,0.9922,810,0.009,0.026,0.054,0.128,1.004,3.811,4.88,6.236,8.16,2272,0.014,0.036,0.07,0.157,1.266,4.331,5.596,7.286,8.94,1124,0.015,0.038,0.079,0.165,1.388,4.425,5.615,6.881,8.882,810,6,6,6,6,6,6,6,6,6,2272,7,7,7,7,7,7,7,7,7,1124,7,7,7,7,7,7,7,7,7,810,0.4099,0.62,0.779,0.9059,0.9995,1,1,1,1,2272,0.3518,0.597,0.7482,0.8764,0.9986,1,1,1,1,1124,0.3769,0.5776,0.7158,0.8381,0.9982,1,1,1,1,810,0,0,0,0,0.296,2.133,3.216,4.401,6.091,2272,0,0.002,0.009,0.033,0.664,3.091,4.258,5.518,7.709,1124,0,0.003,0.009,0.037,0.721,3.469,4.538,5.668,7.4,810,-1413.67,-1414.588,-1415.104,-1415.637,-1416.843,-1416.935,-1416.935,-1416.935,-1416.935,2272,-1414.131,-1414.846,-1415.341,-1415.835,-1416.885,-1416.935,-1416.935,-1416.935,-1416.935,1124,-1414.254,-1414.886,-1415.413,-1415.92,-1416.911,-1416.935,-1416.935,-1416.935,-1416.935,810,0,0,0,0,0,0,0,0,0,2272,0,0,0,0,0,0,0,0,0,1124,0,0,0,0,0,0,0,0,0,810,0,0,0,0,0,0.033,0.055,0.069,0.083,2272,0,0,0,0,0,0.039,0.055,0.067,0.082,1124,0,0,0,0,0,0.045,0.058,0.068,0.08,810,0,0,0,0,0,0,0,0,0.008,2272,0,0,0,0,0,0,0,0,0.02,1124,0,0,0,0,0,0,0,0,0.015,810,0.733,0.864,0.935,0.977,1,1,1,1,1,2272,0.71,0.868,0.932,0.973,1,1,1,1,1,1124,0.73,0.858,0.92,0.962,1,1,1,1,1,810,0,0,0,0,0.011,0.029,0.036,0.042,0.049,2272,0,0.001,0.002,0.004,0.016,0.035,0.041,0.047,0.055,1124,0,0.001,0.002,0.004,0.017,0.037,0.042,0.047,0.054,810,0.99,1,1,1,1,2.907,5.243,8.34,21.874,2272,0.965,1,1,1,1,3.164,5.903,10.332,25.876,1124,0.978,1,1,1,1,3.295,6.072,10.361,26.774,810,-1412.806,-1413.809,-1414.493,-1415.025,-1416.433,-1416.87,-1416.908,-1416.921,-1416.93,2272,-1412.433,-1413.285,-1414.131,-1414.767,-1416.301,-1416.855,-1416.899,-1416.916,-1416.927,1124,-1412.478,-1413.479,-1414.126,-1414.721,-1416.24,-1416.852,-1416.895,-1416.915,-1416.927,810,"E"
"4","cor",28,0,0,2,250,2,2,0,6,4,2839.319,2841.076,2842.276,2843.441,2845.829,2846.031,2846.031,2846.031,2846.031,2340,2837.157,2838.655,2839.802,2840.889,2842.891,2842.991,2842.991,2842.991,2842.991,1159,2837.601,2838.769,2840,2840.999,2842.947,2842.991,2842.991,2842.991,2842.991,798,2835.157,2836.913,2838.114,2839.279,2841.667,2841.869,2841.869,2841.869,2841.869,2340,2834.035,2835.534,2836.681,2837.767,2839.769,2839.869,2839.869,2839.869,2839.869,1159,2834.479,2835.648,2836.878,2837.877,2839.825,2839.869,2839.869,2839.869,2839.869,798,2852.016,2853.772,2854.973,2856.137,2858.526,2858.727,2858.727,2858.728,2858.728,2340,2846.679,2848.177,2849.325,2850.411,2852.413,2852.513,2852.513,2852.513,2852.513,1159,2847.123,2848.292,2849.522,2850.521,2852.469,2852.513,2852.513,2852.513,2852.513,798,0.911,1,1,1,1,1,1,1,1,2340,0.842,1,1,1,1,1,1,1,1,1159,0.825,1,1,1,1,1,1,1,1,798,2,2,2,2,2,2,2,2,2,2340,2,2,2,2,2,2,2,2,2,1159,2,2,2,2,2,2,2,2,2,798,0.0168,0.0333,0.0685,0.1317,0.6029,0.9397,0.9684,0.9844,0.9963,2340,0.0123,0.0262,0.0559,0.1086,0.5336,0.9228,0.9607,0.9799,0.9939,1159,0.011,0.0281,0.0553,0.1032,0.4982,0.9172,0.9578,0.9777,0.9927,798,0.007,0.03,0.064,0.124,1.007,4.043,5.35,6.798,8.16,2340,0.012,0.04,0.08,0.16,1.256,4.439,5.747,7.217,8.791,1159,0.015,0.044,0.086,0.172,1.392,4.537,5.786,7.097,8.973,798,6,6,6,6,6,6,6,6,6,2340,7,7,7,7,7,7,7,7,7,1159,7,7,7,7,7,7,7,7,7,798,0.3807,0.5438,0.7514,0.9124,0.9996,1,1,1,1,2340,0.334,0.5646,0.7274,0.8673,0.9988,1,1,1,1,1159,0.3187,0.5454,0.6759,0.8169,0.9984,1,1,1,1,798,0,0,0,0,0.265,2.073,3.438,4.936,6.219,2340,0,0.001,0.006,0.029,0.631,3.184,4.441,5.743,7.965,1159,0,0.002,0.008,0.035,0.697,3.668,4.85,5.935,8.126,798,-1413.579,-1414.457,-1415.057,-1415.639,-1416.834,-1416.935,-1416.935,-1416.935,-1416.935,2340,-1414.018,-1414.767,-1415.34,-1415.883,-1416.885,-1416.935,-1416.935,-1416.935,-1416.935,1159,-1414.24,-1414.824,-1415.439,-1415.939,-1416.913,-1416.935,-1416.935,-1416.935,-1416.935,798,0,0,0,0,0,0,0,0,0,2340,0,0,0,0,0,0,0,0,0,1159,0,0,0,0,0,0,0,0,0,798,0,0,0,0,0,0.031,0.058,0.074,0.084,2340,0,0,0,0,0,0.04,0.057,0.069,0.084,1159,0,0,0,0,0,0.048,0.061,0.07,0.085,798,0,0,0,0,0,0,0,0,0.012,2340,0,0,0,0,0,0,0,0,0.023,1159,0,0,0,0,0,0,0,0,0.025,798,0.71,0.823,0.924,0.979,1,1,1,1,1,2340,0.694,0.851,0.925,0.971,1,1,1,1,1,1159,0.681,0.841,0.904,0.956,1,1,1,1,1,798,0,0,0,0,0.01,0.029,0.037,0.044,0.05,2340,0,0.001,0.002,0.003,0.016,0.036,0.042,0.048,0.056,1159,0,0.001,0.002,0.004,0.017,0.038,0.044,0.048,0.057,798,0.97,1,1,1,1,3.007,5.793,11.95,28.892,2340,0.955,1,1,1,1,3.132,6.763,12.501,34.889,1159,0.95,1,1,1,1,3.254,6.608,12.485,33.366,798,-1412.851,-1413.534,-1414.254,-1414.907,-1416.429,-1416.872,-1416.902,-1416.919,-1416.931,2340,-1412.535,-1413.293,-1414.05,-1414.714,-1416.306,-1416.854,-1416.894,-1416.914,-1416.928,1159,-1412.427,-1413.363,-1414.039,-1414.664,-1416.238,-1416.848,-1416.891,-1416.912,-1416.927,798,"E"
"5","cor",37,0,0,1,500,2,2,0,6,4,5680.219,5681.426,5682.974,5684.181,5686.544,5686.677,5686.677,5686.677,5686.677,1964,5677.025,5678.481,5679.814,5680.917,5682.894,5682.945,5682.945,5682.945,5682.945,911,5677.174,5678.506,5679.827,5680.903,5682.91,5682.945,5682.945,5682.945,5682.945,761,5673.292,5674.5,5676.048,5677.254,5679.618,5679.75,5679.75,5679.75,5679.75,1964,5671.83,5673.286,5674.619,5675.722,5677.699,5677.75,5677.75,5677.75,5677.75,911,5671.979,5673.311,5674.632,5675.708,5677.715,5677.75,5677.75,5677.75,5677.75,761,5692.923,5694.131,5695.679,5696.885,5699.249,5699.381,5699.381,5699.381,5699.381,1964,5686.553,5688.009,5689.343,5690.445,5692.422,5692.473,5692.473,5692.473,5692.473,911,5686.702,5688.034,5689.355,5690.431,5692.438,5692.473,5692.473,5692.473,5692.473,761,0.984,1,1,1,1,1,1,1,1,1964,0.804,1,1,1,1,1,1,1,1,911,0.782,1,1,1,1,1,1,1,1,761,2,2,2,2,2,2,2,2,2,1964,2,2,2,2,2,2,2,2,2,911,2,2,2,2,2,2,2,2,2,761,0.0194,0.0415,0.0755,0.1423,0.5981,0.9303,0.9669,0.9837,0.9936,1964,0.0107,0.0262,0.0529,0.1038,0.5223,0.9194,0.9572,0.9787,0.9906,911,0.009,0.0237,0.0446,0.0905,0.5331,0.9154,0.9559,0.9769,0.9904,761,0.013,0.032,0.067,0.144,1.027,3.896,5.159,6.354,7.776,1964,0.019,0.042,0.087,0.167,1.298,4.53,5.878,7.277,9.015,911,0.019,0.046,0.09,0.177,1.258,4.803,6.214,7.483,9.313,761,6,6,6,6,6,6,6,6,6,1964,7,7,7,7,7,7,7,7,7,911,7,7,7,7,7,7,7,7,7,761,0.4159,0.6294,0.7608,0.8882,0.9991,1,1,1,1,1964,0.3071,0.528,0.709,0.8529,0.9985,1,1,1,1,911,0.2991,0.4807,0.6485,0.8022,0.9986,1,1,1,1,761,0,0,0,0.002,0.36,2.314,3.359,4.349,6.028,1964,0.001,0.003,0.011,0.037,0.67,3.327,4.597,6.064,8.245,911,0,0.003,0.011,0.036,0.67,3.796,5.091,6.518,8.369,761,-2832.646,-2833.25,-2834.024,-2834.627,-2835.809,-2835.875,-2835.875,-2835.875,-2835.875,1964,-2832.915,-2833.643,-2834.31,-2834.861,-2835.849,-2835.875,-2835.875,-2835.875,-2835.875,911,-2832.989,-2833.655,-2834.316,-2834.854,-2835.857,-2835.875,-2835.875,-2835.875,-2835.875,761,0,0,0,0,0,0,0,0,0,1964,0,0,0,0,0,0,0,0,0,911,0,0,0,0,0,0,0,0,0,761,0,0,0,0,0,0.027,0.04,0.048,0.058,1964,0,0,0,0,0,0.03,0.041,0.05,0.06,911,0,0,0,0,0,0.035,0.045,0.053,0.061,761,0,0,0,0,0,0,0,0,0.003,1964,0,0,0,0,0,0,0,0,0.019,911,0,0,0,0,0,0,0,0,0.02,761,0.896,0.958,0.98,0.993,1,1,1,1,1,1964,0.869,0.947,0.979,0.993,1,1,1,1,1,911,0.864,0.935,0.97,0.989,1,1,1,1,1,761,0,0,0,0.001,0.008,0.021,0.026,0.029,0.035,1964,0,0.001,0.001,0.003,0.012,0.026,0.03,0.035,0.04,911,0,0.001,0.001,0.003,0.012,0.027,0.032,0.036,0.041,761,0.995,1,1,1,1,2.996,5.659,10.786,26.066,1964,0.944,1,1,1,1,3.313,6.815,11.773,31.45,911,0.938,1,1,1,1,2.906,5.253,9.651,22.622,761,-2831.934,-2832.694,-2833.291,-2833.925,-2835.361,-2835.803,-2835.841,-2835.859,-2835.869,1964,-2831.334,-2832.233,-2832.936,-2833.609,-2835.225,-2835.791,-2835.831,-2835.854,-2835.866,911,-2831.162,-2832.132,-2832.764,-2833.473,-2835.246,-2835.787,-2835.83,-2835.852,-2835.865,761,"E"
"6","cor",46,0,0,2,500,2,2,0,6,4,5680.461,5681.964,5683.02,5684.309,5686.541,5686.677,5686.677,5686.677,5686.677,1880,5677.356,5678.937,5679.895,5680.951,5682.898,5682.945,5682.945,5682.945,5682.945,969,5677.824,5678.803,5679.881,5681.064,5682.918,5682.945,5682.945,5682.945,5682.945,715,5673.534,5675.037,5676.093,5677.382,5679.614,5679.75,5679.75,5679.75,5679.75,1880,5672.161,5673.741,5674.7,5675.755,5677.703,5677.75,5677.75,5677.75,5677.75,969,5672.629,5673.608,5674.686,5675.869,5677.723,5677.75,5677.75,5677.75,5677.75,715,5693.165,5694.668,5695.724,5697.013,5699.245,5699.381,5699.381,5699.381,5699.381,1880,5686.884,5688.465,5689.424,5690.479,5692.426,5692.473,5692.473,5692.473,5692.474,969,5687.352,5688.331,5689.409,5690.592,5692.446,5692.473,5692.473,5692.473,5692.473,715,0.966,1,1,1,1,1,1,1,1,1880,0.933,1,1,1,1,1,1,1,1,969,0.833,1,1,1,1,1,1,1,1,715,2,2,2,2,2,2,2,2,2,1880,2,2,2,2,2,2,2,2,2,969,2,2,2,2,2,2,2,2,2,715,0.0197,0.0439,0.0789,0.1447,0.587,0.9257,0.9642,0.9836,0.9935,1880,0.0156,0.0337,0.0612,0.1179,0.5203,0.9185,0.9591,0.9812,0.9923,969,0.0123,0.0277,0.0521,0.0983,0.5296,0.9125,0.9573,0.9793,0.9917,715,0.012,0.032,0.073,0.153,1.065,3.863,5.075,6.248,7.854,1880,0.015,0.037,0.083,0.17,1.307,4.273,5.582,6.758,8.296,969,0.016,0.04,0.087,0.183,1.27,4.623,5.904,7.161,8.739,715,6,6,6,6,6,6,6,6,6,1880,7,7,7,7,7,7,7,7,7,969,7,7,7,7,7,7,7,7,7,715,0.4073,0.5823,0.745,0.8814,0.9992,1,1,1,1,1880,0.392,0.57,0.7156,0.8626,0.9986,1,1,1,1,969,0.3322,0.5111,0.6463,0.8159,0.9986,1,1,1,1,715,0,0,0,0.001,0.352,2.377,3.489,4.682,6.111,1880,0,0.002,0.01,0.031,0.661,3.232,4.473,5.648,7.359,969,0,0.002,0.008,0.032,0.659,3.678,5.087,6.24,7.965,715,-2832.767,-2833.519,-2834.047,-2834.691,-2835.807,-2835.875,-2835.875,-2835.875,-2835.875,1880,-2833.08,-2833.871,-2834.35,-2834.878,-2835.851,-2835.875,-2835.875,-2835.875,-2835.875,969,-2833.315,-2833.804,-2834.343,-2834.934,-2835.861,-2835.875,-2835.875,-2835.875,-2835.875,715,0,0,0,0,0,0,0,0,0,1880,0,0,0,0,0,0,0,0,0,969,0,0,0,0,0,0,0,0,0,715,0,0,0,0,0,0.028,0.041,0.05,0.059,1880,0,0,0,0,0,0.029,0.041,0.048,0.057,969,0,0,0,0,0,0.034,0.045,0.051,0.059,715,0,0,0,0,0,0,0,0,0.006,1880,0,0,0,0,0,0,0,0,0.01,969,0,0,0,0,0,0,0,0,0.017,715,0.892,0.947,0.977,0.993,1,1,1,1,1,1880,0.907,0.956,0.98,0.994,1,1,1,1,1,969,0.881,0.943,0.97,0.99,1,1,1,1,1,715,0,0,0,0,0.008,0.022,0.026,0.031,0.035,1880,0,0.001,0.001,0.002,0.011,0.025,0.03,0.034,0.038,969,0,0.001,0.001,0.003,0.011,0.027,0.032,0.035,0.04,715,0.989,1,1,1,1,2.983,6.173,10.999,24.537,1880,0.981,1,1,1,1,3.504,7.074,13.754,31.246,969,0.952,1,1,1,1,2.868,5.793,9.812,23.891,715,-2831.947,-2832.749,-2833.336,-2833.942,-2835.342,-2835.798,-2835.839,-2835.859,-2835.869,1880,-2831.717,-2832.486,-2833.082,-2833.737,-2835.222,-2835.79,-2835.833,-2835.856,-2835.867,969,-2831.476,-2832.288,-2832.92,-2833.555,-2835.239,-2835.784,-2835.831,-2835.854,-2835.867,715,"E"
"7","cor",55,0,0,1,1000,2,2,0,6,4,11358.77,11360.3,11361.62,11362.83,11365.07,11365.2,11365.2,11365.2,11365.2,1602,11355.15,11356.58,11357.87,11358.89,11360.73,11360.78,11360.78,11360.78,11360.78,725,11355.15,11356.65,11357.9,11358.9,11360.75,11360.78,11360.78,11360.78,11360.78,607,11349.07,11350.61,11351.92,11353.14,11355.38,11355.51,11355.51,11355.51,11355.51,1602,11347.88,11349.31,11350.59,11351.61,11353.46,11353.51,11353.51,11353.51,11353.51,725,11347.88,11349.38,11350.62,11351.62,11353.48,11353.51,11353.51,11353.51,11353.51,607,11371.48,11373.01,11374.33,11375.54,11377.78,11377.91,11377.91,11377.91,11377.91,1602,11364.68,11366.11,11367.4,11368.42,11370.26,11370.31,11370.31,11370.31,11370.31,725,11364.68,11366.18,11367.43,11368.43,11370.28,11370.31,11370.31,11370.31,11370.31,607,1,1,1,1,1,1,1,1,1,1602,1,1,1,1,1,1,1,1,1,725,1,1,1,1,1,1,1,1,1,607,2,2,2,2,2,2,2,2,2,1602,2,2,2,2,2,2,2,2,2,725,2,2,2,2,2,2,2,2,2,607,0.0178,0.0371,0.0721,0.1353,0.5658,0.9249,0.965,0.9832,0.9944,1602,0.0145,0.0338,0.0661,0.1153,0.5266,0.9172,0.956,0.9792,0.9916,725,0.0145,0.0324,0.0614,0.1191,0.5498,0.9137,0.9544,0.979,0.9916,607,0.01,0.034,0.071,0.155,1.138,3.992,5.261,6.56,8.048,1602,0.017,0.042,0.09,0.173,1.283,4.321,5.43,6.773,8.46,725,0.017,0.042,0.093,0.18,1.194,4.245,5.567,6.847,8.46,607,6,6,6,6,6,6,6,6,6,1602,7,7,7,7,7,7,7,7,7,725,7,7,7,7,7,7,7,7,7,607,0.4233,0.5835,0.7312,0.8419,0.9983,1,1,1,1,1602,0.4501,0.6163,0.7333,0.8453,0.9983,1,1,1,1,725,0.4353,0.5781,0.7296,0.8637,0.9983,1,1,1,1,607,0,0,0,0.003,0.46,2.73,3.576,4.689,5.987,1602,0,0.002,0.011,0.037,0.702,3.404,4.386,5.353,6.788,725,0,0.002,0.01,0.038,0.705,3.217,4.425,5.667,6.931,607,-5670.537,-5671.303,-5671.961,-5672.567,-5673.689,-5673.753,-5673.753,-5673.753,-5673.753,1602,-5670.941,-5671.653,-5672.298,-5672.807,-5673.73,-5673.753,-5673.753,-5673.753,-5673.753,725,-5670.94,-5671.689,-5672.312,-5672.813,-5673.738,-5673.753,-5673.753,-5673.753,-5673.753,607,0,0,0,0,0,0,0,0,0,1602,0,0,0,0,0,0,0,0,0,725,0,0,0,0,0,0,0,0,0,607,0,0,0,0,0,0.023,0.03,0.036,0.041,1602,0,0,0,0,0,0.022,0.028,0.033,0.038,725,0,0,0,0,0,0.02,0.028,0.034,0.039,607,0,0,0,0,0,0,0,0,0,1602,0,0,0,0,0,0,0,0,0,725,0,0,0,0,0,0,0,0,0,607,0.988,0.995,0.998,0.999,1,1,1,1,1,1602,0.994,0.998,0.999,1,1,1,1,1,1,725,0.993,0.997,0.999,1,1,1,1,1,1,607,0,0,0,0.001,0.007,0.017,0.019,0.022,0.024,1602,0,0,0.001,0.002,0.008,0.018,0.021,0.023,0.026,725,0,0,0.001,0.002,0.008,0.018,0.021,0.024,0.026,607,1,1,1,1,1,2.991,5.718,10.906,26.218,1602,1,1,1,1,1,2.996,5.026,10.526,26.376,725,1,1,1,1,1,3.09,5.256,10.859,23.261,607,-5669.724,-5670.458,-5671.123,-5671.753,-5673.184,-5673.675,-5673.718,-5673.736,-5673.748,1602,-5669.523,-5670.366,-5671.037,-5671.593,-5673.112,-5673.667,-5673.708,-5673.732,-5673.745,725,-5669.523,-5670.325,-5670.962,-5671.625,-5673.155,-5673.663,-5673.706,-5673.732,-5673.745,607,"E"
"8","cor",64,0,0,2,1000,2,2,0,6,4,11358.91,11360.5,11361.6,11362.88,11365.09,11365.2,11365.2,11365.2,11365.2,1581,11355.2,11356.7,11357.76,11358.91,11360.75,11360.78,11360.78,11360.78,11360.78,766,11355.24,11356.7,11357.8,11358.88,11360.76,11360.78,11360.78,11360.78,11360.78,611,11349.22,11350.81,11351.91,11353.18,11355.39,11355.51,11355.51,11355.51,11355.51,1581,11347.93,11349.43,11350.49,11351.64,11353.48,11353.51,11353.51,11353.51,11353.51,766,11347.97,11349.43,11350.53,11351.61,11353.48,11353.51,11353.51,11353.51,11353.51,611,11371.62,11373.21,11374.31,11375.59,11377.8,11377.91,11377.91,11377.91,11377.91,1581,11364.74,11366.23,11367.29,11368.45,11370.28,11370.31,11370.31,11370.31,11370.31,766,11364.77,11366.24,11367.33,11368.41,11370.29,11370.31,11370.31,11370.31,11370.31,611,0.96,1,1,1,1,1,1,1,1,1581,0.967,1,1,1,1,1,1,1,1,766,0.897,1,1,1,1,1,1,1,1,611,2,2,2,2,2,2,2,2,2,1581,2,2,2,2,2,2,2,2,2,766,2,2,2,2,2,2,2,2,2,611,0.0177,0.0362,0.0718,0.1385,0.5654,0.9219,0.9636,0.9838,0.9938,1581,0.0128,0.031,0.0597,0.1155,0.5217,0.9121,0.9579,0.9783,0.9927,766,0.0093,0.0272,0.0554,0.1153,0.5441,0.9081,0.9529,0.9768,0.9924,611,0.012,0.032,0.073,0.162,1.14,3.948,5.266,6.558,8.066,1581,0.015,0.043,0.086,0.184,1.3,4.313,5.629,6.928,8.71,766,0.015,0.046,0.095,0.192,1.217,4.319,5.78,7.164,9.286,611,6,6,6,6,6,6,6,6,6,1581,7,7,7,7,7,7,7,7,7,766,7,7,7,7,7,7,7,7,7,611,0.4043,0.5679,0.7134,0.8442,0.9983,1,1,1,1,1581,0.409,0.5661,0.7108,0.8426,0.9984,1,1,1,1,766,0.3703,0.5406,0.7074,0.8516,0.9983,1,1,1,1,611,0,0,0,0.003,0.462,2.707,3.703,4.811,6.165,1581,0,0.003,0.011,0.04,0.694,3.429,4.557,5.71,7.174,766,0.001,0.003,0.011,0.038,0.7,3.338,4.595,5.885,7.572,611,-5670.609,-5671.404,-5671.953,-5672.592,-5673.697,-5673.753,-5673.753,-5673.753,-5673.753,1581,-5670.966,-5671.716,-5672.243,-5672.821,-5673.738,-5673.753,-5673.753,-5673.753,-5673.753,766,-5670.984,-5671.717,-5672.264,-5672.804,-5673.742,-5673.753,-5673.753,-5673.753,-5673.753,611,0,0,0,0,0,0,0,0,0,1581,0,0,0,0,0,0,0,0,0,766,0,0,0,0,0,0,0,0,0,611,0,0,0,0,0,0.023,0.031,0.036,0.042,1581,0,0,0,0,0,0.022,0.029,0.034,0.039,766,0,0,0,0,0,0.021,0.029,0.035,0.041,611,0,0,0,0,0,0,0,0,0.005,1581,0,0,0,0,0,0,0,0,0.005,766,0,0,0,0,0,0,0,0,0.009,611,0.986,0.995,0.998,0.999,1,1,1,1,1,1581,0.992,0.997,0.999,1,1,1,1,1,1,766,0.99,0.996,0.999,1,1,1,1,1,1,611,0,0,0,0.001,0.007,0.016,0.019,0.022,0.025,1581,0,0.001,0.001,0.002,0.008,0.018,0.021,0.024,0.027,766,0,0.001,0.001,0.002,0.008,0.018,0.021,0.024,0.027,611,0.987,1,1,1,1,2.968,6.421,11.421,25.556,1581,0.991,1,1,1,1,3.284,6.004,11.106,25.909,766,0.971,1,1,1,1,3.148,5.924,10.787,23.919,611,-5669.718,-5670.433,-5671.12,-5671.776,-5673.183,-5673.672,-5673.716,-5673.737,-5673.747,1581,-5669.392,-5670.278,-5670.935,-5671.595,-5673.102,-5673.661,-5673.71,-5673.731,-5673.746,766,-5669.074,-5670.148,-5670.859,-5671.592,-5673.144,-5673.657,-5673.705,-5673.73,-5673.745,611,"E"
"9","cov",1,0,0,1,100,2,2,0,6,4,1074.362,1083.8,1093.623,1103.184,1141.454,1177.559,1186.769,1196.06,1206.244,2754,1072.555,1081.781,1090.832,1101.597,1140.853,1176.118,1185.688,1194.207,1204.417,1030,1072.536,1082.585,1092.206,1102.65,1139.619,1174.837,1184.201,1193.293,1203.536,1026,1073.842,1083.28,1093.102,1102.663,1140.933,1177.038,1186.248,1195.539,1205.723,2754,1072.165,1081.391,1090.441,1101.207,1140.462,1175.728,1185.298,1193.817,1204.027,1030,1072.145,1082.195,1091.815,1102.26,1139.229,1174.447,1183.81,1192.902,1203.145,1026,1087.035,1096.473,1106.295,1115.856,1154.127,1190.231,1199.442,1208.732,1218.916,2754,1082.06,1091.286,1100.336,1111.102,1150.357,1185.623,1195.193,1203.712,1213.922,1030,1082.04,1092.09,1101.71,1112.155,1149.124,1184.341,1193.705,1202.797,1213.04,1026,0,0,0,0,0.963,1,1,1,1,2753,0,0,0,0,1,1,1,1,1,1030,0,0,0,0,1,1,1,1,1,1026,2,2,2,2,2,2,2,2,2,2753,2,2,2,2,2,2,2,2,2,1030,2,2,2,2,2,2,2,2,2,1026,0.0175,0.0507,0.0844,0.1461,0.5797,0.9361,0.9681,0.983,0.9943,2753,0.0113,0.0282,0.0556,0.1113,0.5035,0.9036,0.9517,0.9748,0.99,1030,0.0118,0.0303,0.0601,0.1153,0.5051,0.9078,0.9527,0.9757,0.9906,1026,0.011,0.032,0.065,0.132,1.091,3.797,4.933,5.936,8.011,2753,0.02,0.051,0.099,0.2,1.372,4.389,5.746,7.12,8.953,1030,0.018,0.049,0.095,0.194,1.365,4.314,5.612,6.976,8.83,1026,6,6,6,6,6,6,6,6,6,2753,7,7,7,7,7,7,7,7,7,1030,7,7,7,7,7,7,7,7,7,1026,0.0053,0.0177,0.034,0.0714,0.4194,0.8479,0.909,0.9521,0.9824,2753,0.007,0.0194,0.0423,0.0865,0.466,0.8809,0.9425,0.972,0.988,1030,0.0077,0.0224,0.0453,0.0865,0.4725,0.881,0.9435,0.9702,0.9881,1026,1.078,1.596,2.095,2.673,6.034,11.598,13.599,15.356,18.424,2753,1.309,1.749,2.279,3.044,6.649,12.456,14.542,16.683,19.269,1030,1.312,1.797,2.268,3.039,6.592,12.456,14.348,16.291,19.068,1026,-532.921,-537.64,-542.551,-547.332,-566.467,-584.519,-589.124,-593.769,-598.862,2754,-533.082,-537.695,-542.221,-547.603,-567.231,-584.864,-589.649,-593.908,-599.013,1030,-533.073,-538.097,-542.907,-548.13,-566.614,-584.223,-588.905,-593.451,-598.572,1026,0,0,0,0,0,0,0.029,0.048,0.072,2753,0,0,0,0,0,0,0.018,0.044,0.064,1030,0,0,0,0,0,0,0.014,0.041,0.062,1026,0,0,0.05,0.072,0.13,0.18,0.193,0.204,0.221,2753,0,0,0.023,0.06,0.119,0.167,0.179,0.191,0.205,1030,0,0,0.021,0.06,0.119,0.167,0.178,0.189,0.204,1026,0,0,0,0,0.008,0.097,0.113,0.125,0.144,2753,0,0,0,0,0,0.088,0.104,0.118,0.132,1030,0,0,0,0,0,0.088,0.102,0.115,0.131,1026,0.02,0.053,0.088,0.156,0.571,0.91,0.948,0.974,0.991,2753,0.027,0.061,0.11,0.189,0.626,0.935,0.971,0.986,0.994,1030,0.03,0.068,0.116,0.189,0.632,0.935,0.971,0.985,0.994,1026,0.039,0.047,0.053,0.061,0.095,0.138,0.152,0.167,0.186,2753,0.042,0.049,0.056,0.064,0.098,0.14,0.154,0.169,0.189,1030,0.041,0.049,0.055,0.064,0.098,0.139,0.153,0.167,0.186,1026,-0.12,-0.581,-2.646,0.341,1,1.092,1.638,2.614,6,2753,-0.121,-0.557,-2.756,0.443,1,1.232,1.881,3.115,6.657,1030,-0.068,-0.494,-2.375,0.427,1,1.202,1.833,3.134,6.608,1026,-529.408,-534.114,-538.6,-544.21,-563.082,-581.128,-585.976,-590.395,-595.653,2754,-529.189,-533.825,-538.399,-544.051,-563.577,-581.144,-586.109,-590.556,-595.848,1030,-529.481,-534.083,-538.73,-544.221,-562.92,-580.727,-585.284,-589.998,-595.653,1026,"E"
"10","cov",10,0,0,2,100,2,2,0,6,4,1353.66,1360.981,1370.098,1380.598,1418.591,1454.421,1464.688,1473.312,1486.12,2640,1351.128,1359.675,1368.894,1379.307,1416.432,1452.029,1462.418,1470.495,1483.116,1092,1351.457,1359.666,1368.475,1379.282,1417.143,1451.568,1462.185,1468.991,1481.725,932,1353.139,1360.46,1369.578,1380.077,1418.07,1453.9,1464.167,1472.791,1485.599,2640,1350.738,1359.285,1368.503,1378.917,1416.041,1451.638,1462.027,1470.105,1482.726,1092,1351.066,1359.275,1368.084,1378.891,1416.752,1451.177,1461.795,1468.601,1481.335,932,1366.333,1373.653,1382.771,1393.271,1431.263,1467.093,1477.361,1485.985,1498.792,2640,1360.632,1369.18,1378.398,1388.812,1425.936,1461.533,1471.922,1479.999,1492.621,1092,1360.961,1369.17,1377.979,1388.786,1426.647,1461.072,1471.69,1478.496,1491.23,932,0,0,0,0,0.359,1,1,1,1,2640,0,0,0,0,1,1,1,1,1,1092,0,0,0,0,1,1,1,1,1,932,2,2,2,2,2,2,2,2,2,2640,2,2,2,2,2,2,2,2,2,1092,2,2,2,2,2,2,2,2,2,932,0.0144,0.0406,0.0694,0.129,0.5747,0.9418,0.9768,0.9888,0.997,2640,0.0096,0.0262,0.0569,0.1072,0.5184,0.9191,0.961,0.9815,0.9948,1092,0.0102,0.0269,0.0605,0.1093,0.5219,0.9145,0.9601,0.9809,0.9947,932,0.006,0.022,0.046,0.12,1.107,4.083,5.304,6.403,8.342,2640,0.01,0.037,0.079,0.169,1.313,4.465,5.733,7.259,9.241,1092,0.01,0.038,0.081,0.178,1.3,4.423,5.601,7.181,9.159,932,6,6,6,6,6,6,6,6,6,2640,7,7,7,7,7,7,7,7,7,1092,7,7,7,7,7,7,7,7,7,932,0.005,0.0117,0.0255,0.0528,0.3923,0.8326,0.9061,0.9519,0.978,2640,0.0062,0.0184,0.0378,0.0756,0.4578,0.8776,0.9316,0.9668,0.9851,1092,0.0078,0.0198,0.0394,0.0801,0.4646,0.8777,0.9341,0.9637,0.9854,932,1.111,1.597,2.137,2.807,6.273,12.421,14.371,16.189,18.466,2640,1.412,1.862,2.438,3.076,6.723,12.858,14.851,16.824,19.738,1092,1.391,1.924,2.401,3.077,6.66,12.678,14.743,16.637,19.123,932,-672.57,-676.23,-680.789,-686.039,-705.035,-722.95,-728.084,-732.396,-738.799,2640,-672.369,-676.642,-681.251,-686.458,-705.021,-722.819,-728.014,-732.052,-738.363,1092,-672.533,-676.637,-681.042,-686.446,-705.376,-722.589,-727.897,-731.3,-737.667,932,0,0,0,0,0,0,0.038,0.055,0.072,2640,0,0,0,0,0,0,0.024,0.045,0.067,1092,0,0,0,0,0,0,0.022,0.044,0.063,932,0,0,0.053,0.076,0.133,0.185,0.198,0.209,0.221,2640,0,0,0.035,0.061,0.12,0.169,0.181,0.192,0.207,1092,0,0,0.032,0.061,0.119,0.168,0.181,0.191,0.204,932,0,0,0,0,0.021,0.103,0.118,0.13,0.144,2640,0,0,0,0,0,0.091,0.106,0.118,0.135,1092,0,0,0,0,0,0.09,0.105,0.117,0.132,932,0.019,0.038,0.071,0.124,0.545,0.9,0.947,0.974,0.988,2640,0.025,0.058,0.101,0.171,0.619,0.933,0.964,0.984,0.993,1092,0.03,0.062,0.104,0.178,0.625,0.933,0.966,0.982,0.993,932,0.039,0.047,0.055,0.063,0.096,0.141,0.158,0.175,0.192,2640,0.043,0.05,0.057,0.065,0.098,0.142,0.158,0.173,0.19,1092,0.043,0.05,0.057,0.065,0.097,0.141,0.157,0.172,0.189,932,-97.039,-0.247,-1.19,0.251,1,1.058,1.585,2.553,5.7,2640,-0.112,-0.513,-2.09,0.482,1,1.2,1.749,2.69,6.002,1092,-0.107,-0.581,-2.644,0.482,1,1.159,1.735,2.697,5.467,932,-668.963,-673.157,-677.113,-682.233,-701.58,-719.758,-724.48,-728.908,-735.452,2640,-668.463,-672.881,-677.249,-682.52,-701.345,-719.345,-724.13,-728.613,-734.956,1092,-668.482,-673.157,-677.249,-682.516,-701.669,-719.264,-723.852,-728.106,-734.249,932,"E"
"11","cov",19,0,0,1,250,2,2,0,6,4,2743.445,2759.714,2771.976,2788.032,2848.512,2902.077,2917.753,2931.678,2946.542,2361,2740.523,2755.834,2770.609,2787.079,2845.12,2899.995,2916.624,2930.439,2948.167,902,2740.407,2756.767,2771.223,2786.975,2845.136,2899.844,2915.481,2928.378,2943.373,810,2739.283,2755.552,2767.814,2783.87,2844.35,2897.915,2913.591,2927.516,2942.379,2361,2737.401,2752.712,2767.487,2783.957,2841.999,2896.874,2913.502,2927.317,2945.045,902,2737.285,2753.646,2768.101,2783.853,2842.015,2896.722,2912.359,2925.256,2940.251,810,2756.142,2772.41,2784.673,2800.728,2861.208,2914.773,2930.45,2944.374,2959.238,2361,2750.045,2765.356,2780.131,2796.601,2854.642,2909.517,2926.146,2939.961,2957.689,902,2749.929,2766.29,2780.745,2796.497,2854.658,2909.366,2925.003,2937.9,2952.895,810,0,0,0,0,0.41,1,1,1,1,2361,0,0,0,0,1,1,1,1,1,902,0,0,0,0,1,1,1,1,1,810,2,2,2,2,2,2,2,2,2,2361,2,2,2,2,2,2,2,2,2,902,2,2,2,2,2,2,2,2,2,810,0.0158,0.0397,0.0726,0.1319,0.576,0.9384,0.972,0.9862,0.9954,2361,0.0111,0.0259,0.0545,0.1051,0.5125,0.9173,0.9591,0.9805,0.9922,902,0.0114,0.0282,0.0591,0.107,0.5156,0.9206,0.959,0.9799,0.9922,810,0.009,0.028,0.054,0.127,1.103,4.05,5.243,6.407,8.257,2361,0.015,0.039,0.083,0.172,1.336,4.497,5.775,7.299,8.912,902,0.015,0.041,0.084,0.165,1.324,4.466,5.65,7.089,8.912,810,6,6,6,6,6,6,6,6,6,2361,7,7,7,7,7,7,7,7,7,902,7,7,7,7,7,7,7,7,7,810,0.0059,0.0147,0.0293,0.0658,0.3929,0.839,0.9045,0.955,0.9814,2361,0.0078,0.0198,0.038,0.0777,0.4639,0.875,0.934,0.9693,0.9904,902,0.0097,0.024,0.0423,0.0827,0.4566,0.8736,0.9366,0.9675,0.9896,810,1.098,1.565,2.153,2.753,6.277,11.81,14.001,15.791,18.063,2361,1.224,1.805,2.403,3.101,6.669,12.775,14.844,16.621,19.056,902,1.24,1.832,2.369,3.121,6.739,12.592,14.536,16.098,18.437,810,-1365.642,-1373.776,-1379.907,-1387.935,-1418.175,-1444.957,-1452.796,-1459.758,-1467.19,2361,-1365.701,-1373.356,-1380.744,-1388.979,-1417.999,-1445.437,-1453.751,-1460.659,-1469.523,902,-1365.643,-1373.823,-1381.051,-1388.927,-1418.007,-1445.361,-1453.179,-1459.628,-1467.126,810,0,0,0,0,0,0,0.021,0.033,0.044,2361,0,0,0,0,0,0,0.015,0.028,0.039,902,0,0,0,0,0,0,0.012,0.024,0.037,810,0,0,0.034,0.047,0.084,0.115,0.124,0.131,0.139,2361,0,0,0.02,0.039,0.076,0.107,0.115,0.121,0.129,902,0,0,0.019,0.039,0.076,0.106,0.113,0.119,0.127,810,0,0,0,0,0.014,0.062,0.073,0.081,0.09,2361,0,0,0,0,0,0.057,0.067,0.074,0.083,902,0,0,0,0,0,0.057,0.066,0.072,0.081,810,0.071,0.124,0.187,0.295,0.72,0.956,0.977,0.99,0.996,2361,0.096,0.164,0.237,0.348,0.792,0.973,0.987,0.995,0.999,902,0.108,0.183,0.252,0.359,0.787,0.972,0.988,0.994,0.998,810,0.025,0.03,0.034,0.039,0.06,0.086,0.095,0.101,0.109,2361,0.026,0.032,0.036,0.041,0.061,0.088,0.095,0.102,0.112,902,0.026,0.032,0.036,0.041,0.062,0.087,0.095,0.101,0.111,810,-0.014,-0.308,-1.473,0.272,1,1.028,1.475,2.177,4.232,2361,-0.059,-0.458,-1.849,0.32,1,1.154,1.632,2.541,4.722,902,-0.074,-0.492,-2.1,0.346,1,1.153,1.617,2.548,4.563,810,-1362.608,-1369.465,-1375.951,-1384.776,-1414.652,-1441.708,-1449.019,-1456.909,-1464.281,2361,-1362.047,-1369.322,-1376.483,-1385.129,-1414.054,-1441.803,-1450.111,-1457.677,-1465.486,902,-1362.047,-1369.664,-1377.225,-1385.105,-1414.082,-1441.789,-1449.394,-1456.204,-1463.476,810,"E"
"12","cov",28,0,0,2,250,2,2,0,6,4,3429.465,3451.516,3466.263,3482.88,3542.06,3597.879,3612.523,3626.236,3641.338,2219,3430.338,3447.972,3463.223,3479.789,3538.847,3594.635,3609.776,3623.196,3639.048,1016,3428.495,3445.812,3463.223,3479.795,3538.779,3594.357,3609.691,3623.199,3639.597,741,3425.302,3447.354,3462.101,3478.717,3537.898,3593.717,3608.361,3622.074,3637.176,2219,3427.216,3444.85,3460.101,3476.667,3535.726,3591.513,3606.655,3620.074,3635.926,1016,3425.373,3442.69,3460.101,3476.673,3535.658,3591.235,3606.569,3620.077,3636.475,741,3442.161,3464.213,3478.96,3495.576,3554.756,3610.575,3625.22,3638.932,3654.034,2219,3439.86,3457.494,3472.745,3489.311,3548.37,3604.157,3619.298,3632.718,3648.57,1016,3438.017,3455.334,3472.745,3489.317,3548.302,3603.879,3619.213,3632.721,3649.119,741,0,0,0,0,0.396,1,1,1,1,2219,0,0,0,0,1,1,1,1,1,1016,0,0,0,0,1,1,1,1,1,741,2,2,2,2,2,2,2,2,2,2219,2,2,2,2,2,2,2,2,2,1016,2,2,2,2,2,2,2,2,2,741,0.0132,0.0316,0.065,0.1199,0.5726,0.9381,0.9675,0.9837,0.9955,2219,0.0125,0.0292,0.0547,0.1041,0.5089,0.9188,0.9587,0.9793,0.9927,1016,0.0126,0.0272,0.054,0.1038,0.4975,0.912,0.9554,0.9751,0.9923,741,0.008,0.033,0.065,0.127,1.114,4.235,5.468,6.895,8.623,2219,0.013,0.042,0.084,0.169,1.349,4.521,5.807,7.058,8.751,1016,0.015,0.05,0.091,0.183,1.396,4.529,5.832,7.183,8.697,741,6,6,6,6,6,6,6,6,6,2219,7,7,7,7,7,7,7,7,7,1016,7,7,7,7,7,7,7,7,7,741,0.0048,0.0117,0.0274,0.0582,0.3965,0.8416,0.9124,0.9598,0.987,2219,0.0075,0.0176,0.0412,0.0835,0.4641,0.8852,0.9435,0.9728,0.9897,1016,0.0074,0.0174,0.0362,0.0811,0.4581,0.8802,0.9399,0.9728,0.9901,741,0.952,1.492,2.078,2.728,6.238,12.173,14.199,16.296,18.527,2219,1.227,1.739,2.268,2.987,6.667,12.554,14.621,16.94,19.038,1016,1.204,1.74,2.314,3.047,6.724,12.619,14.963,16.979,19.15,741,-1708.651,-1719.677,-1727.051,-1735.359,-1764.949,-1792.858,-1800.181,-1807.037,-1814.588,2219,-1710.608,-1719.425,-1727.051,-1735.334,-1764.863,-1792.757,-1800.327,-1807.037,-1814.963,1016,-1709.687,-1718.345,-1727.051,-1735.337,-1764.829,-1792.618,-1800.285,-1807.039,-1815.237,741,0,0,0,0,0,0,0.023,0.036,0.046,2219,0,0,0,0,0,0,0.013,0.029,0.039,1016,0,0,0,0,0,0,0.016,0.03,0.04,741,0,0,0.031,0.047,0.084,0.116,0.125,0.132,0.14,2219,0,0,0.013,0.037,0.076,0.106,0.114,0.122,0.129,1016,0,0,0.016,0.038,0.076,0.106,0.115,0.122,0.129,741,0,0,0,0,0.013,0.064,0.074,0.083,0.091,2219,0,0,0,0,0,0.056,0.066,0.075,0.083,1016,0,0,0,0,0,0.057,0.067,0.076,0.083,741,0.063,0.108,0.18,0.276,0.723,0.957,0.979,0.991,0.998,2219,0.094,0.154,0.248,0.361,0.792,0.975,0.99,0.995,0.998,1016,0.093,0.153,0.231,0.355,0.788,0.974,0.989,0.995,0.999,741,0.023,0.028,0.034,0.039,0.06,0.087,0.096,0.102,0.112,2219,0.025,0.03,0.035,0.04,0.061,0.088,0.096,0.102,0.112,1016,0.026,0.03,0.035,0.041,0.061,0.088,0.096,0.102,0.112,741,-0.002,-0.248,-1.111,0.204,1,1.022,1.489,2.415,5.331,2219,-0.062,-0.468,-2.148,0.364,1,1.205,1.879,3.445,7.505,1016,-0.06,-0.361,-1.743,0.325,1,1.203,1.829,3.26,7.121,741,-1705.879,-1716.266,-1723.561,-1731.467,-1761.299,-1789.624,-1796.962,-1803.709,-1811.44,2219,-1706.197,-1715.842,-1723.481,-1731.371,-1760.842,-1789.444,-1797.322,-1803.294,-1812.588,1016,-1705.879,-1715.492,-1723.127,-1731.453,-1760.664,-1789.213,-1797.399,-1803.172,-1812.588,741,"E"
"13","cov",37,0,0,1,500,2,2,0,6,4,5538.363,5567.918,5586.631,5607.08,5689.542,5767.044,5790.205,5809.897,5831.471,2060,5538.567,5560.989,5580.125,5601.566,5684.965,5764.234,5787.553,5809.587,5829.533,795,5538.384,5562.069,5581.613,5602.411,5685.522,5764.791,5787.658,5809.264,5830.574,706,5531.436,5560.991,5579.704,5600.153,5682.615,5760.117,5783.279,5802.97,5824.544,2060,5533.372,5555.794,5574.93,5596.371,5679.77,5759.039,5782.358,5804.392,5824.338,795,5533.188,5556.874,5576.418,5597.216,5680.327,5759.596,5782.463,5804.069,5825.379,706,5551.067,5580.622,5599.335,5619.784,5702.246,5779.748,5802.91,5822.601,5844.175,2060,5548.095,5570.517,5589.653,5611.094,5694.493,5773.762,5797.081,5819.115,5839.061,795,5547.912,5571.597,5591.141,5611.94,5695.05,5774.319,5797.186,5818.792,5840.102,706,0,0,0,0,0.407,1,1,1,1,2060,0,0,0,0,1,1,1,1,1,795,0,0,0,0,1,1,1,1,1,706,2,2,2,2,2,2,2,2,2,2060,2,2,2,2,2,2,2,2,2,795,2,2,2,2,2,2,2,2,2,706,0.0129,0.0327,0.0653,0.1234,0.5848,0.9303,0.9651,0.9832,0.9935,2060,0.0096,0.0249,0.0491,0.1005,0.5229,0.9115,0.9563,0.9769,0.9904,795,0.009,0.0234,0.0439,0.0922,0.5478,0.9115,0.9557,0.9769,0.9904,706,0.013,0.033,0.071,0.144,1.071,4.173,5.45,6.82,8.663,2060,0.019,0.047,0.089,0.182,1.296,4.589,6.027,7.377,9.192,795,0.019,0.047,0.091,0.183,1.203,4.765,6.236,7.486,9.313,706,6,6,6,6,6,6,6,6,6,2060,7,7,7,7,7,7,7,7,7,795,7,7,7,7,7,7,7,7,7,706,0.0031,0.0098,0.0261,0.0591,0.3858,0.8402,0.9144,0.9576,0.9793,2060,0.0053,0.0166,0.0381,0.0836,0.4521,0.877,0.9423,0.9734,0.9876,795,0.0062,0.0168,0.0401,0.0826,0.4436,0.8816,0.9404,0.9714,0.9873,706,1.136,1.529,2.054,2.744,6.341,12.116,14.334,16.759,19.609,2060,1.316,1.721,2.286,3.072,6.774,12.543,14.842,17.106,20.096,795,1.339,1.77,2.309,3.034,6.856,12.581,14.693,17.055,19.609,706,-2761.718,-2776.496,-2785.852,-2796.076,-2837.308,-2876.059,-2887.639,-2897.485,-2908.272,2060,-2763.686,-2774.897,-2784.465,-2795.185,-2836.885,-2876.519,-2888.179,-2899.196,-2909.169,795,-2763.594,-2775.437,-2785.209,-2795.608,-2837.164,-2876.798,-2888.232,-2899.034,-2909.69,706,0,0,0,0,0,0,0.017,0.027,0.036,2060,0,0,0,0,0,0,0.011,0.021,0.031,795,0,0,0,0,0,0,0.009,0.021,0.029,706,0,0,0.022,0.033,0.06,0.082,0.088,0.095,0.102,2060,0,0,0.01,0.027,0.054,0.075,0.081,0.087,0.093,795,0,0,0.011,0.027,0.054,0.075,0.081,0.087,0.092,706,0,0,0,0,0.011,0.045,0.053,0.06,0.067,2060,0,0,0,0,0,0.04,0.047,0.054,0.061,795,0,0,0,0,0,0.04,0.047,0.054,0.06,706,0.161,0.268,0.395,0.529,0.883,0.989,0.995,0.998,0.999,2060,0.239,0.374,0.5,0.637,0.927,0.995,0.998,0.999,1,795,0.257,0.376,0.508,0.634,0.924,0.995,0.998,0.999,1,706,0.017,0.021,0.023,0.028,0.042,0.06,0.066,0.071,0.078,2060,0.019,0.022,0.025,0.029,0.043,0.06,0.066,0.071,0.079,795,0.019,0.022,0.025,0.029,0.044,0.06,0.066,0.071,0.079,706,-39.003,-0.403,-1.177,0.263,1,1.022,1.483,2.555,6.134,2060,-0.05,-0.438,-1.874,0.391,1,1.181,1.782,2.989,6.993,795,-0.064,-0.487,-2.466,0.44,1,1.107,1.681,2.767,6.316,706,-2758.821,-2772.259,-2782.045,-2792.762,-2833.955,-2872.773,-2884.679,-2895.02,-2905.064,2060,-2759.83,-2770.916,-2780.608,-2790.869,-2833.193,-2873.331,-2884.899,-2895.466,-2906.083,795,-2759.83,-2771.131,-2781.138,-2791.791,-2833.529,-2873.522,-2884.816,-2895.047,-2905.733,706,"E"
"14","cov",46,0,0,2,500,2,2,0,6,4,6920.603,6951.321,6970.71,6994.25,7078.007,7156.25,7177.762,7198.415,7221.318,1923,6920.956,6947.349,6965.238,6989.561,7072.587,7152.806,7174.797,7195.978,7215.59,903,6918.818,6947.446,6966.271,6990.141,7072.64,7152.168,7174.6,7193.38,7214.627,713,6913.676,6944.394,6963.783,6987.323,7071.08,7149.323,7170.836,7191.489,7214.391,1923,6915.761,6942.153,6960.043,6984.365,7067.392,7147.611,7169.602,7190.783,7210.395,903,6913.623,6942.251,6961.076,6984.946,7067.445,7146.973,7169.405,7188.184,7209.432,713,6933.307,6964.025,6983.414,7006.954,7090.711,7168.954,7190.467,7211.12,7234.022,1923,6930.484,6956.877,6974.766,6999.089,7082.115,7162.334,7184.325,7205.506,7225.118,903,6928.346,6956.974,6975.8,6999.669,7082.168,7161.696,7184.128,7202.908,7224.156,713,0,0,0,0,0.225,1,1,1,1,1923,0,0,0,0,1,1,1,1,1,903,0,0,0,0,1,1,1,1,1,713,2,2,2,2,2,2,2,2,2,1923,2,2,2,2,2,2,2,2,2,903,2,2,2,2,2,2,2,2,2,713,0.0168,0.0386,0.073,0.1325,0.5817,0.9316,0.9661,0.9847,0.9935,1923,0.012,0.0281,0.0534,0.1002,0.529,0.9135,0.9579,0.9805,0.9921,903,0.0142,0.0289,0.0526,0.1002,0.5273,0.9105,0.9566,0.98,0.9921,713,0.012,0.031,0.069,0.141,1.082,4.042,5.215,6.49,8.044,1923,0.015,0.039,0.085,0.18,1.271,4.598,5.854,7.111,8.829,903,0.015,0.039,0.089,0.187,1.28,4.598,5.858,7.074,8.472,713,6,6,6,6,6,6,6,6,6,1923,7,7,7,7,7,7,7,7,7,903,7,7,7,7,7,7,7,7,7,713,0.0065,0.0123,0.0288,0.0595,0.3867,0.8384,0.9127,0.9528,0.9773,1923,0.0073,0.0175,0.0359,0.0821,0.4545,0.8911,0.9444,0.9698,0.9862,903,0.0084,0.0179,0.0368,0.0816,0.4488,0.8844,0.9414,0.9703,0.9867,713,1.177,1.596,2.073,2.759,6.335,12.113,14.067,16.256,17.842,1923,1.377,1.79,2.251,2.933,6.757,12.602,14.99,16.939,19.188,903,1.355,1.795,2.299,2.999,6.811,12.615,14.933,16.903,18.85,713,-3452.838,-3468.197,-3477.892,-3489.662,-3531.54,-3570.662,-3581.418,-3591.744,-3603.196,1923,-3454.88,-3468.077,-3477.021,-3489.183,-3530.696,-3570.806,-3581.801,-3592.392,-3602.198,903,-3453.811,-3468.125,-3477.538,-3489.473,-3530.722,-3570.486,-3581.702,-3591.092,-3601.716,713,0,0,0,0,0,0,0.016,0.025,0.03,1923,0,0,0,0,0,0,0.012,0.021,0.028,903,0,0,0,0,0,0,0.011,0.021,0.027,713,0,0,0.022,0.034,0.06,0.082,0.088,0.094,0.097,1923,0,0,0.009,0.025,0.054,0.075,0.081,0.086,0.091,903,0,0,0.011,0.026,0.054,0.075,0.081,0.086,0.091,713,0,0,0,0,0.011,0.045,0.052,0.058,0.063,1923,0,0,0,0,0,0.04,0.048,0.053,0.059,903,0,0,0,0,0,0.04,0.048,0.053,0.058,713,0.225,0.294,0.41,0.53,0.884,0.989,0.995,0.998,0.999,1923,0.274,0.382,0.49,0.633,0.928,0.995,0.998,0.999,1,903,0.29,0.385,0.494,0.632,0.926,0.995,0.998,0.999,1,713,0.018,0.021,0.024,0.028,0.042,0.06,0.066,0.071,0.078,1923,0.019,0.022,0.025,0.028,0.043,0.061,0.067,0.072,0.081,903,0.019,0.022,0.025,0.029,0.044,0.061,0.067,0.072,0.081,713,-42.583,-0.294,-1.352,0.341,1,1.006,1.531,2.497,5.828,1923,-0.018,-0.445,-3.297,0.444,1,1.161,1.762,3.144,7.154,903,-0.029,-0.415,-2.638,0.418,1,1.155,1.741,3.103,6.043,713,-3449.56,-3464.559,-3474.495,-3486.141,-3527.783,-3567.629,-3578.542,-3587.988,-3600.603,1923,-3451.422,-3464.253,-3473.345,-3485.241,-3526.894,-3567.121,-3578.704,-3588.638,-3600.12,903,-3450.019,-3464.884,-3473.865,-3485.442,-3526.894,-3567.01,-3578.542,-3587.48,-3597.92,713,"E"
"15","cov",55,0,0,1,1000,2,2,0,6,4,11153.26,11183.55,11216.05,11248.64,11364.96,11477.03,11511.81,11540.41,11569.49,1649,11148.69,11180.01,11211.77,11244.93,11360.4,11472.34,11508.64,11539.08,11565.74,609,11148.84,11183.44,11212.73,11245.91,11362.44,11476.14,11510.14,11539.69,11565.38,550,11143.57,11173.85,11206.35,11238.94,11355.26,11467.34,11502.11,11530.72,11559.79,1649,11141.42,11172.74,11204.5,11237.66,11353.13,11465.07,11501.37,11531.81,11558.47,609,11141.57,11176.17,11205.46,11238.64,11355.17,11468.87,11502.86,11532.42,11558.11,550,11165.97,11196.26,11228.76,11261.35,11377.67,11489.74,11524.51,11553.12,11582.19,1649,11158.22,11189.54,11221.3,11254.46,11369.93,11481.88,11518.17,11548.61,11575.27,609,11158.37,11192.98,11222.26,11255.44,11371.97,11485.67,11519.67,11549.23,11574.91,550,0,0,0,0,0.622,1,1,1,1,1649,0,0,0,0,1,1,1,1,1,609,0,0,0,0,1,1,1,1,1,550,2,2,2,2,2,2,2,2,2,1649,2,2,2,2,2,2,2,2,2,609,2,2,2,2,2,2,2,2,2,550,0.0183,0.0448,0.0767,0.1373,0.5659,0.928,0.9672,0.9833,0.9944,1649,0.0129,0.0316,0.0594,0.1094,0.5267,0.9118,0.9542,0.9791,0.9916,609,0.0133,0.0323,0.063,0.1177,0.5332,0.9097,0.9545,0.9791,0.9916,550,0.01,0.033,0.066,0.148,1.139,3.97,5.113,6.177,7.914,1649,0.017,0.042,0.094,0.184,1.282,4.422,5.642,6.865,8.646,609,0.017,0.042,0.093,0.189,1.256,4.279,5.528,6.856,8.64,550,6,6,6,6,6,6,6,6,6,1649,7,7,7,7,7,7,7,7,7,609,7,7,7,7,7,7,7,7,7,550,0.0078,0.0174,0.032,0.0665,0.4062,0.8346,0.9025,0.9426,0.9716,1649,0.01,0.0248,0.0442,0.0898,0.4753,0.8803,0.9375,0.9671,0.9849,609,0.01,0.0254,0.0468,0.0939,0.4794,0.886,0.9397,0.9669,0.9847,550,1.25,1.73,2.174,2.786,6.154,11.803,13.759,15.387,17.421,1649,1.408,1.862,2.351,3.048,6.567,12.335,14.415,16.024,18.472,609,1.423,1.865,2.319,2.989,6.529,12.207,14.247,15.958,18.44,550,-5567.783,-5582.927,-5599.177,-5615.472,-5673.631,-5729.669,-5747.055,-5761.358,-5775.895,1649,-5567.71,-5583.371,-5599.249,-5615.83,-5673.564,-5729.536,-5747.683,-5762.905,-5776.233,609,-5567.783,-5585.087,-5599.729,-5616.318,-5674.584,-5731.434,-5748.433,-5763.211,-5776.055,550,0,0,0,0,0,0,0.01,0.015,0.021,1649,0,0,0,0,0,0,0.005,0.012,0.018,609,0,0,0,0,0,0,0.004,0.012,0.018,550,0,0.008,0.017,0.024,0.042,0.057,0.061,0.065,0.068,1649,0,0,0.009,0.019,0.037,0.052,0.057,0.059,0.063,609,0,0,0.008,0.018,0.037,0.052,0.056,0.059,0.063,550,0,0,0,0,0.005,0.031,0.036,0.04,0.044,1649,0,0,0,0,0,0.028,0.033,0.036,0.04,609,0,0,0,0,0,0.027,0.032,0.036,0.04,550,0.627,0.725,0.795,0.871,0.986,0.999,1,1,1,1649,0.725,0.821,0.874,0.928,0.995,1,1,1,1,609,0.726,0.823,0.879,0.931,0.995,1,1,1,1,550,0.012,0.015,0.017,0.02,0.029,0.042,0.045,0.048,0.051,1649,0.014,0.016,0.018,0.02,0.03,0.043,0.046,0.049,0.053,609,0.014,0.016,0.018,0.02,0.03,0.043,0.046,0.049,0.052,550,-0.057,-0.343,-1.542,0.327,1,1.063,1.681,2.626,4.984,1649,-0.087,-0.564,-3.068,0.434,1,1.193,1.892,2.935,7.29,609,-0.076,-0.608,-3.998,0.504,1,1.193,1.948,3.015,7.93,550,-5564.823,-5579.56,-5595.489,-5611.693,-5669.971,-5726.808,-5743.159,-5757.629,-5772.672,1649,-5564.465,-5579.724,-5595.55,-5611.825,-5669.793,-5726.269,-5743.469,-5759.208,-5772.782,609,-5564.506,-5580.756,-5596.156,-5612.588,-5670.921,-5727.654,-5744.175,-5759.531,-5772.849,550,"E"
"16","cov",64,0,0,2,1000,2,2,0,6,4,13929.34,13964.41,13992.31,14025.15,14142.53,14253.05,14285.7,14310.02,14339.45,1606,13927.41,13960.84,13987.56,14021.97,14137.56,14251,14282.31,14305.66,14337.91,774,13930.94,13960.91,13987.48,14021.87,14137.69,14248,14279.58,14303.89,14335.62,648,13919.65,13954.72,13982.61,14015.46,14132.84,14243.35,14276,14300.33,14329.75,1606,13920.14,13953.57,13980.29,14014.69,14130.29,14243.73,14275.04,14298.39,14330.64,774,13923.67,13953.64,13980.2,14014.6,14130.41,14240.73,14272.31,14296.61,14328.35,648,13942.05,13977.12,14005.01,14037.86,14155.24,14265.76,14298.41,14322.73,14352.16,1606,13936.94,13970.38,13997.09,14031.5,14147.09,14260.53,14291.84,14315.2,14347.44,774,13940.47,13970.44,13997.01,14031.41,14147.22,14257.53,14289.11,14313.42,14345.15,648,0,0,0,0,0.43,1,1,1,1,1606,0,0,0,0,1,1,1,1,1,774,0,0,0,0,1,1,1,1,1,648,2,2,2,2,2,2,2,2,2,1606,2,2,2,2,2,2,2,2,2,774,2,2,2,2,2,2,2,2,2,648,0.0172,0.0379,0.0687,0.1358,0.5717,0.9221,0.9639,0.9836,0.9938,1606,0.01,0.0287,0.058,0.116,0.5403,0.9119,0.9575,0.9776,0.9927,774,0.0098,0.0267,0.0534,0.1088,0.5267,0.9033,0.9544,0.9774,0.9923,648,0.012,0.033,0.073,0.161,1.117,3.988,5.347,6.485,8.065,1606,0.015,0.045,0.086,0.184,1.23,4.305,5.685,7.094,9.071,774,0.015,0.045,0.093,0.203,1.282,4.432,5.859,7.238,9.209,648,6,6,6,6,6,6,6,6,6,1606,7,7,7,7,7,7,7,7,7,774,7,7,7,7,7,7,7,7,7,648,0.0053,0.0125,0.0291,0.0637,0.4017,0.8398,0.9118,0.9486,0.9715,1606,0.0075,0.0192,0.0424,0.0835,0.4823,0.885,0.9414,0.9694,0.9864,774,0.0082,0.0178,0.0434,0.0837,0.4722,0.8785,0.9393,0.9681,0.9869,648,1.298,1.648,2.078,2.738,6.189,11.92,14.023,16.205,18.388,1606,1.369,1.813,2.298,3,6.501,12.56,14.534,16.703,19.167,774,1.35,1.834,2.328,3.065,6.595,12.551,14.462,16.826,18.931,648,-6955.824,-6973.359,-6987.305,-7003.729,-7062.418,-7117.677,-7134.002,-7146.163,-7160.877,1606,-6957.068,-6973.786,-6987.145,-7004.347,-7062.146,-7118.863,-7134.52,-7146.196,-7162.317,774,-6958.836,-6973.818,-6987.102,-7004.301,-7062.207,-7117.366,-7133.153,-7145.307,-7161.173,648,0,0,0,0,0,0,0.011,0.018,0.023,1606,0,0,0,0,0,0,0.006,0.014,0.02,774,0,0,0,0,0,0,0.005,0.014,0.019,648,0,0.003,0.016,0.024,0.042,0.058,0.062,0.066,0.07,1606,0,0,0.008,0.018,0.037,0.053,0.057,0.061,0.065,774,0,0,0.008,0.019,0.038,0.053,0.057,0.061,0.064,648,0,0,0,0,0.006,0.031,0.037,0.041,0.045,1606,0,0,0,0,0,0.028,0.033,0.037,0.042,774,0,0,0,0,0,0.028,0.033,0.037,0.041,648,0.581,0.685,0.785,0.867,0.986,0.999,1,1,1,1606,0.693,0.795,0.87,0.923,0.995,1,1,1,1,774,0.703,0.787,0.873,0.923,0.994,1,1,1,1,648,0.013,0.015,0.017,0.019,0.03,0.042,0.046,0.05,0.054,1606,0.013,0.016,0.018,0.02,0.03,0.043,0.047,0.05,0.055,774,0.014,0.016,0.018,0.02,0.03,0.043,0.047,0.05,0.054,648,-23.003,-0.23,-1.066,0.316,1,1.096,1.611,2.556,4.849,1606,-0.016,-0.369,-1.858,0.446,1,1.236,1.981,3.251,6.639,774,-0.039,-0.418,-2.541,0.455,1,1.225,1.875,3.158,6.137,648,-6951.473,-6970.627,-6984.487,-7000.344,-7059.174,-7114.784,-7130.547,-7142.783,-7155.41,1606,-6952.379,-6970.336,-6983.929,-7000.344,-7058.666,-7115.507,-7131.435,-7142.945,-7157.866,774,-6953.44,-6970.011,-6983.864,-6999.917,-7058.623,-7114.014,-7129.437,-7142.208,-7157.505,648,"E"
"17","uni",1,0,0,1,100,2,2,0,6,4,1074.667,1084.35,1094.206,1103.777,1141.452,1177.849,1187.525,1196.088,1205.823,9,1072.692,1082.22,1092.248,1101.756,1139.347,1175.85,1185.535,1194.013,1203.979,2,1072.537,1082.275,1092.145,1101.772,1139.435,1175.896,1185.395,1194.014,1204.259,0,1074.146,1083.829,1093.685,1103.256,1140.931,1177.328,1187.004,1195.567,1205.303,9,1072.301,1081.829,1091.857,1101.365,1138.956,1175.459,1185.145,1193.623,1203.589,2,1072.146,1081.884,1091.754,1101.382,1139.045,1175.506,1185.004,1193.623,1203.868,0,1087.34,1097.022,1106.878,1116.45,1154.125,1190.522,1200.198,1208.761,1218.496,9,1082.196,1091.724,1101.752,1111.26,1148.851,1185.354,1195.04,1203.517,1213.484,2,1082.041,1091.779,1101.649,1111.277,1148.94,1185.401,1194.899,1203.518,1213.763,0,0,0,0,0,0,1,1,1,1,9,0,0,0,0,1,1,1,1,1,2,0,0,0,0,1,1,1,1,1,0,2,2,2,2,2,2,2,2,2,9,2,2,2,2,2,2,2,2,2,2,2,2,2,2,2,2,2,2,2,0,0.0096,0.0245,0.0483,0.0987,0.4878,0.8933,0.9464,0.9698,0.9883,9,0.0096,0.0245,0.0483,0.0988,0.4883,0.8947,0.948,0.9719,0.9893,2,0.0096,0.0245,0.0483,0.0988,0.4883,0.895,0.948,0.9719,0.9893,0,0.022,0.06,0.11,0.225,1.436,4.629,6.061,7.403,9.167,9,0.022,0.056,0.107,0.222,1.434,4.626,6.061,7.403,9.167,2,0.022,0.056,0.107,0.222,1.43,4.626,6.061,7.403,9.167,0,6,6,6,6,6,6,6,6,6,9,7,7,7,7,7,7,7,7,7,2,7,7,7,7,7,7,7,7,7,0,0.0031,0.0092,0.0217,0.0489,0.3494,0.7998,0.8919,0.9367,0.9704,9,0.0062,0.0168,0.0368,0.0784,0.4508,0.8723,0.9395,0.9686,0.9861,2,0.0058,0.0168,0.0367,0.0773,0.4497,0.8739,0.939,0.9664,0.9871,0,1.318,1.8,2.283,3.071,6.701,12.645,14.819,17.005,19.667,9,1.352,1.831,2.328,3.132,6.79,12.738,14.929,17.079,19.667,2,1.341,1.874,2.334,3.115,6.802,12.79,14.937,17.093,19.869,0,-533.073,-537.915,-542.842,-547.628,-566.466,-584.664,-589.502,-593.784,-598.651,9,-533.151,-537.915,-542.929,-547.683,-566.478,-584.73,-589.572,-593.811,-598.794,2,-533.073,-537.942,-542.877,-547.691,-566.522,-584.753,-589.502,-593.812,-598.934,0,0,0,0,0,0,0.007,0.043,0.062,0.08,9,0,0,0,0,0,0,0.025,0.048,0.066,2,0,0,0,0,0,0,0.025,0.048,0.067,0,0,0.031,0.059,0.083,0.138,0.187,0.201,0.213,0.228,9,0,0,0.027,0.062,0.121,0.168,0.182,0.194,0.207,2,0,0,0.027,0.062,0.121,0.169,0.182,0.194,0.208,0,0,0,0,0,0.034,0.105,0.121,0.135,0.151,9,0,0,0,0,0,0.091,0.106,0.12,0.135,2,0,0,0,0,0,0.091,0.106,0.12,0.136,0,0.013,0.032,0.062,0.117,0.503,0.878,0.938,0.965,0.984,9,0.025,0.054,0.099,0.175,0.613,0.93,0.969,0.984,0.993,2,0.024,0.054,0.099,0.174,0.612,0.931,0.969,0.983,0.994,0,0.041,0.049,0.056,0.064,0.098,0.141,0.155,0.168,0.19,9,0.042,0.05,0.057,0.065,0.099,0.141,0.155,0.168,0.19,2,0.042,0.05,0.057,0.065,0.099,0.141,0.155,0.168,0.19,0,-0.021,-0.24,-0.881,0.022,1,1.005,1.47,2.323,5.066,9,-0.109,-0.522,-2.218,0.396,1,1.174,1.764,2.93,5.868,2,-0.068,-0.495,-2.152,0.386,1,1.158,1.769,2.977,6.268,0,-529.189,-533.994,-538.552,-544.044,-562.719,-580.984,-585.79,-590.395,-595.735,9,-529.189,-533.994,-538.552,-544.051,-562.698,-580.972,-585.79,-590.395,-595.735,2,-529.189,-533.994,-538.552,-544.051,-562.698,-580.972,-585.79,-590.395,-595.735,0,"E"
"18","uni",10,0,0,2,100,2,2,0,6,4,1352.889,1361.67,1370.761,1381.458,1418.702,1453.469,1463.936,1471.808,1484.084,5,1350.759,1359.676,1368.894,1379.388,1416.729,1451.468,1461.806,1469.713,1481.971,3,1350.759,1359.665,1368.649,1379.374,1416.706,1451.428,1461.806,1469.712,1482.277,0,1352.368,1361.149,1370.24,1380.937,1418.181,1452.948,1463.415,1471.287,1483.564,5,1350.368,1359.285,1368.503,1378.998,1416.338,1451.077,1461.415,1469.322,1481.58,3,1350.368,1359.275,1368.258,1378.983,1416.315,1451.038,1461.415,1469.322,1481.886,0,1365.561,1374.342,1383.434,1394.13,1431.375,1466.141,1476.609,1484.48,1496.757,5,1360.263,1369.18,1378.398,1388.893,1426.233,1460.972,1471.31,1479.217,1491.475,3,1360.263,1369.17,1378.153,1388.878,1426.21,1460.933,1471.31,1479.217,1491.781,0,0,0,0,0,0,1,1,1,1,5,0,0,0,0,1,1,1,1,1,3,0,0,0,0,1,1,1,1,1,0,2,2,2,2,2,2,2,2,2,5,2,2,2,2,2,2,2,2,2,3,2,2,2,2,2,2,2,2,2,0,0.0084,0.0225,0.051,0.0974,0.4985,0.901,0.9528,0.9787,0.992,5,0.0084,0.0225,0.051,0.0974,0.4987,0.9022,0.9547,0.9787,0.9926,3,0.0084,0.0225,0.051,0.0974,0.4988,0.9022,0.9547,0.9787,0.9926,0,0.015,0.043,0.096,0.209,1.392,4.658,5.949,7.587,9.507,5,0.014,0.043,0.093,0.206,1.39,4.648,5.949,7.587,9.507,3,0.014,0.043,0.093,0.206,1.39,4.648,5.949,7.587,9.507,0,6,6,6,6,6,6,6,6,6,5,7,7,7,7,7,7,7,7,7,3,7,7,7,7,7,7,7,7,7,0,0.0029,0.0093,0.0209,0.044,0.3378,0.7958,0.8763,0.9261,0.9664,5,0.0056,0.0157,0.0349,0.0696,0.4357,0.8691,0.9281,0.961,0.9825,3,0.0057,0.017,0.0362,0.0712,0.4366,0.8688,0.9294,0.9609,0.9834,0,1.386,1.924,2.425,3.103,6.82,12.941,14.912,16.97,19.875,5,1.471,1.977,2.484,3.167,6.927,13.097,15.068,17.245,19.939,3,1.458,1.979,2.467,3.167,6.926,13.033,14.953,17.05,19.875,0,-672.184,-676.574,-681.12,-686.469,-705.091,-722.474,-727.708,-731.643,-737.782,5,-672.184,-676.643,-681.251,-686.499,-705.169,-722.538,-727.708,-731.661,-737.79,3,-672.184,-676.637,-681.129,-686.492,-705.158,-722.519,-727.708,-731.661,-737.943,0,0,0,0,0,0,0.017,0.044,0.062,0.081,5,0,0,0,0,0,0,0.027,0.049,0.068,3,0,0,0,0,0,0,0.025,0.047,0.067,0,0,0.041,0.064,0.084,0.139,0.189,0.201,0.213,0.229,5,0,0,0.037,0.063,0.122,0.171,0.182,0.194,0.208,3,0,0,0.036,0.063,0.122,0.17,0.182,0.193,0.208,0,0,0,0,0,0.037,0.108,0.122,0.135,0.152,5,0,0,0,0,0,0.093,0.107,0.121,0.136,3,0,0,0,0,0,0.093,0.107,0.12,0.136,0,0.012,0.032,0.061,0.108,0.491,0.875,0.928,0.959,0.982,5,0.023,0.052,0.095,0.16,0.599,0.928,0.963,0.981,0.992,3,0.023,0.055,0.098,0.163,0.6,0.928,0.963,0.98,0.992,0,0.043,0.05,0.057,0.065,0.098,0.142,0.158,0.173,0.19,5,0.044,0.051,0.058,0.066,0.099,0.142,0.159,0.174,0.19,3,0.044,0.051,0.058,0.066,0.099,0.142,0.158,0.173,0.19,0,-0.005,-0.181,-0.855,0.008,1,1,1.441,2.162,4.164,5,-0.079,-0.453,-1.671,0.385,1,1.164,1.661,2.644,5.332,3,-0.079,-0.466,-1.753,0.385,1,1.139,1.668,2.534,5.236,0,-668.266,-672.9,-677.126,-682.522,-701.368,-718.951,-723.819,-728.36,-734.319,5,-668.266,-672.9,-677.126,-682.52,-701.405,-718.951,-723.819,-728.36,-734.319,3,-668.266,-672.9,-677.126,-682.52,-701.405,-718.951,-723.819,-728.36,-734.319,0,"E"
"19","uni",19,0,0,1,250,2,2,0,6,4,2743.283,2757.748,2770.771,2787.857,2847.922,2904.485,2919.743,2934.092,2951.591,21,2740.328,2754.731,2767.73,2784.805,2844.947,2901.528,2916.756,2931.134,2948.551,8,2740.242,2754.935,2767.916,2784.885,2844.977,2901.528,2916.785,2931.113,2948.551,0,2739.12,2753.586,2766.609,2783.694,2843.76,2900.323,2915.581,2929.93,2947.429,21,2737.206,2751.609,2764.609,2781.684,2841.826,2898.406,2913.634,2928.012,2945.429,8,2737.12,2751.813,2764.794,2781.763,2841.856,2898.406,2913.663,2927.991,2945.429,0,2755.979,2770.445,2783.467,2800.553,2860.618,2917.181,2932.439,2946.788,2964.288,21,2749.85,2764.253,2777.252,2794.327,2854.47,2911.05,2926.278,2940.656,2958.073,8,2749.764,2764.457,2777.438,2794.407,2854.5,2911.05,2926.307,2940.635,2958.073,0,0,0,0,0,0,1,1,1,1,21,0,0,0,0,1,1,1,1,1,8,0,0,0,0,1,1,1,1,1,0,2,2,2,2,2,2,2,2,2,21,2,2,2,2,2,2,2,2,2,8,2,2,2,2,2,2,2,2,2,0,0.0086,0.0236,0.0529,0.1016,0.4925,0.9007,0.9516,0.976,0.9898,21,0.0086,0.0237,0.0529,0.1018,0.4944,0.9028,0.9544,0.9775,0.9915,8,0.0086,0.0237,0.0529,0.1018,0.4944,0.904,0.9545,0.9775,0.9915,0,0.02,0.048,0.099,0.209,1.417,4.573,5.877,7.485,9.393,21,0.017,0.046,0.093,0.204,1.409,4.566,5.876,7.483,9.393,8,0.016,0.045,0.093,0.201,1.408,4.566,5.876,7.483,9.393,0,6,6,6,6,6,6,6,6,6,21,7,7,7,7,7,7,7,7,7,8,7,7,7,7,7,7,7,7,7,0,0.0038,0.0106,0.0216,0.0448,0.34,0.7885,0.8791,0.9327,0.9733,21,0.0071,0.0184,0.0365,0.0713,0.4396,0.8648,0.9298,0.9646,0.9876,8,0.0072,0.0186,0.0368,0.0718,0.44,0.8648,0.9283,0.9636,0.988,0,1.248,1.853,2.382,3.158,6.797,12.886,14.802,16.66,19.231,21,1.308,1.904,2.462,3.209,6.896,13.031,14.939,16.839,19.323,8,1.308,1.927,2.482,3.211,6.892,13.014,14.926,16.79,19.323,0,-1365.56,-1372.793,-1379.304,-1387.847,-1417.88,-1446.162,-1453.79,-1460.965,-1469.715,21,-1365.603,-1372.805,-1379.304,-1387.842,-1417.913,-1446.203,-1453.817,-1461.006,-1469.715,8,-1365.56,-1372.906,-1379.397,-1387.882,-1417.928,-1446.203,-1453.831,-1460.996,-1469.715,0,0,0,0,0,0,0.01,0.027,0.037,0.049,21,0,0,0,0,0,0,0.016,0.029,0.04,8,0,0,0,0,0,0,0.016,0.029,0.04,0,0,0.023,0.04,0.054,0.088,0.119,0.127,0.134,0.143,21,0,0,0.023,0.041,0.077,0.108,0.115,0.122,0.13,8,0,0,0.023,0.041,0.077,0.108,0.115,0.121,0.13,0,0,0,0,0,0.023,0.068,0.077,0.084,0.094,21,0,0,0,0,0,0.059,0.067,0.075,0.084,8,0,0,0,0,0,0.059,0.067,0.075,0.084,0,0.054,0.102,0.156,0.238,0.676,0.939,0.969,0.985,0.995,21,0.09,0.158,0.232,0.332,0.776,0.97,0.986,0.994,0.998,8,0.091,0.159,0.233,0.334,0.776,0.97,0.986,0.994,0.998,0,0.026,0.032,0.036,0.041,0.062,0.088,0.095,0.101,0.111,21,0.027,0.032,0.036,0.041,0.062,0.088,0.095,0.102,0.111,8,0.027,0.032,0.036,0.042,0.062,0.088,0.095,0.102,0.112,0,-26.701,-0.136,-0.597,-4.449,1,1,1.379,2.1,3.698,21,-0.058,-0.383,-1.57,0.264,1,1.132,1.602,2.493,4.722,8,-0.045,-0.41,-1.564,0.274,1,1.126,1.574,2.487,4.554,0,-1361.834,-1368.89,-1375.42,-1384.315,-1413.644,-1442.405,-1450.059,-1457.913,-1465.831,21,-1361.834,-1368.944,-1375.389,-1384.229,-1413.679,-1442.44,-1450.059,-1457.913,-1465.831,8,-1361.834,-1368.944,-1375.389,-1384.313,-1413.644,-1442.405,-1450.059,-1457.913,-1465.831,0,"E"
"20","uni",28,0,0,2,250,2,2,0,6,4,3431.586,3450.817,3465.345,3482.077,3541.156,3597.325,3612.874,3626.237,3641.415,26,3428.546,3447.808,3462.551,3479.088,3538.416,3594.39,3609.852,3623.459,3638.987,6,3428.546,3447.808,3462.613,3479.208,3538.444,3594.397,3609.936,3623.2,3638.543,0,3427.424,3446.654,3461.183,3477.915,3536.994,3593.163,3608.712,3622.075,3637.253,26,3425.424,3444.687,3459.43,3475.967,3535.295,3591.268,3606.731,3620.337,3635.865,6,3425.424,3444.687,3459.491,3476.086,3535.322,3591.275,3606.815,3620.078,3635.422,0,3444.282,3463.513,3478.041,3494.773,3553.852,3610.021,3625.57,3638.933,3654.111,26,3438.068,3457.331,3472.074,3488.611,3547.938,3603.912,3619.374,3632.981,3648.509,6,3438.068,3457.331,3472.135,3488.73,3547.966,3603.919,3619.458,3632.722,3648.066,0,0,0,0,0,0,1,1,1,1,26,0,0,0,0,1,1,1,1,1,6,0,0,0,0,1,1,1,1,1,0,2,2,2,2,2,2,2,2,2,26,2,2,2,2,2,2,2,2,2,6,2,2,2,2,2,2,2,2,2,0,0.0109,0.0236,0.0471,0.0947,0.4924,0.8985,0.9486,0.9698,0.9879,26,0.0109,0.0239,0.0472,0.0953,0.495,0.9025,0.9508,0.972,0.9903,6,0.0109,0.0239,0.0472,0.0953,0.495,0.9028,0.951,0.9727,0.9903,0,0.023,0.061,0.105,0.213,1.416,4.711,6.108,7.466,9.029,26,0.019,0.055,0.101,0.205,1.406,4.701,6.101,7.463,9.029,6,0.019,0.055,0.1,0.204,1.406,4.698,6.101,7.463,9.029,0,6,6,6,6,6,6,6,6,6,26,7,7,7,7,7,7,7,7,7,6,7,7,7,7,7,7,7,7,7,0,0.0035,0.0091,0.0204,0.0479,0.3398,0.8046,0.8912,0.9417,0.975,26,0.0065,0.0163,0.035,0.0757,0.4395,0.8743,0.9357,0.9688,0.9887,6,0.0056,0.0162,0.0352,0.0761,0.4396,0.8748,0.9348,0.9691,0.9889,0,1.237,1.74,2.284,3.031,6.799,12.708,14.963,16.995,19.324,26,1.289,1.82,2.377,3.11,6.897,12.856,15.067,17.159,19.545,6,1.273,1.817,2.393,3.107,6.897,12.833,15.061,17.174,19.97,0,-1709.712,-1719.327,-1726.591,-1734.957,-1764.497,-1792.581,-1800.356,-1807.037,-1814.627,26,-1709.712,-1719.343,-1726.715,-1734.983,-1764.647,-1792.634,-1800.365,-1807.169,-1814.933,6,-1709.712,-1719.343,-1726.746,-1735.043,-1764.661,-1792.638,-1800.407,-1807.039,-1814.711,0,0,0,0,0,0,0.006,0.028,0.039,0.049,26,0,0,0,0,0,0,0.017,0.031,0.041,6,0,0,0,0,0,0,0.017,0.031,0.043,0,0,0.016,0.037,0.052,0.088,0.118,0.127,0.135,0.143,26,0,0,0.019,0.039,0.077,0.107,0.115,0.123,0.13,6,0,0,0.02,0.039,0.077,0.107,0.115,0.123,0.132,0,0,0,0,0,0.023,0.067,0.077,0.086,0.094,26,0,0,0,0,0,0.058,0.068,0.076,0.085,6,0,0,0,0,0,0.058,0.068,0.076,0.086,0,0.051,0.093,0.151,0.247,0.676,0.944,0.973,0.987,0.995,26,0.086,0.147,0.227,0.343,0.776,0.973,0.988,0.995,0.998,6,0.078,0.147,0.227,0.344,0.776,0.973,0.988,0.995,0.998,0,0.025,0.03,0.035,0.041,0.062,0.087,0.096,0.102,0.112,26,0.026,0.031,0.036,0.041,0.062,0.088,0.096,0.102,0.112,6,0.026,0.031,0.036,0.041,0.062,0.088,0.096,0.102,0.113,0,-94.344,-0.192,-0.754,-5.939,1,1,1.423,2.354,5.036,26,-0.065,-0.469,-1.851,0.328,1,1.142,1.703,3.004,7.141,6,-0.059,-0.423,-1.774,0.328,1,1.166,1.698,3.004,6.953,0,-1705.921,-1715.574,-1722.656,-1731.13,-1760.48,-1789.213,-1797.383,-1803.374,-1811.424,26,-1705.921,-1715.646,-1722.671,-1731.145,-1760.524,-1789.219,-1797.383,-1803.374,-1811.44,6,-1705.921,-1715.646,-1722.671,-1731.185,-1760.517,-1789.218,-1797.383,-1803.374,-1811.44,0,"E"
"21","uni",37,0,0,1,500,2,2,0,6,4,5542.112,5562.752,5582.901,5605.228,5689.197,5769.286,5791.919,5812.992,5832.099,38,5538.564,5559.112,5579.887,5601.599,5685.597,5765.696,5788.187,5809.54,5829.061,10,5538.38,5559.112,5579.169,5601.66,5685.449,5765.6,5788.234,5809.54,5829.061,0,5535.185,5555.825,5575.974,5598.301,5682.27,5762.359,5784.992,5806.066,5825.173,38,5533.369,5553.917,5574.692,5596.404,5680.402,5760.501,5782.992,5804.345,5823.866,10,5533.185,5553.917,5573.974,5596.465,5680.254,5760.405,5783.039,5804.345,5823.866,0,5554.816,5575.456,5595.605,5617.932,5701.901,5781.99,5804.623,5825.697,5844.804,38,5548.092,5568.64,5589.416,5611.127,5695.126,5775.224,5797.715,5819.068,5838.589,10,5547.909,5568.64,5588.697,5611.188,5694.978,5775.128,5797.762,5819.068,5838.589,0,0,0,0,0,0,1,1,1,1,38,0,0,0,0,1,1,1,1,1,10,0,0,0,0,1,1,1,1,1,0,2,2,2,2,2,2,2,2,2,38,2,2,2,2,2,2,2,2,2,10,2,2,2,2,2,2,2,2,2,0,0.0085,0.0234,0.0447,0.0928,0.4981,0.898,0.9486,0.9716,0.9879,38,0.0085,0.0237,0.0454,0.0935,0.5044,0.901,0.9509,0.9742,0.9888,10,0.0085,0.0237,0.0454,0.0935,0.5047,0.9012,0.9512,0.9751,0.989,0,0.023,0.058,0.105,0.215,1.392,4.754,6.195,7.485,9.426,38,0.022,0.051,0.101,0.208,1.368,4.74,6.184,7.483,9.426,10,0.022,0.05,0.1,0.207,1.367,4.74,6.184,7.483,9.426,0,6,6,6,6,6,6,6,6,6,38,7,7,7,7,7,7,7,7,7,10,7,7,7,7,7,7,7,7,7,0,0.003,0.0087,0.0201,0.0459,0.3313,0.7937,0.8873,0.9348,0.9695,38,0.0053,0.0157,0.0349,0.0737,0.4316,0.8668,0.9357,0.9673,0.9858,10,0.0054,0.0153,0.0349,0.0744,0.4305,0.868,0.9346,0.9668,0.9864,0,1.334,1.828,2.325,3.118,6.888,12.802,14.979,17.158,19.778,38,1.383,1.857,2.366,3.191,6.973,12.934,15.088,17.254,20.096,10,1.362,1.866,2.397,3.176,6.981,12.907,15.053,17.293,20.08,0,-2763.593,-2773.913,-2783.987,-2795.15,-2837.135,-2877.18,-2888.496,-2899.033,-2908.586,38,-2763.684,-2773.959,-2784.346,-2795.202,-2837.201,-2877.251,-2888.496,-2899.172,-2908.933,10,-2763.593,-2773.959,-2783.987,-2795.232,-2837.127,-2877.202,-2888.52,-2899.172,-2908.933,0,0,0,0,0,0,0.006,0.02,0.028,0.036,38,0,0,0,0,0,0,0.012,0.022,0.031,10,0,0,0,0,0,0,0.012,0.022,0.031,0,0,0.015,0.027,0.038,0.062,0.084,0.09,0.096,0.102,38,0,0,0.013,0.029,0.055,0.076,0.082,0.087,0.093,10,0,0,0.014,0.028,0.055,0.076,0.082,0.087,0.093,0,0,0,0,0,0.017,0.048,0.055,0.061,0.068,38,0,0,0,0,0,0.041,0.048,0.054,0.061,10,0,0,0,0,0,0.041,0.048,0.054,0.061,0,0.159,0.255,0.357,0.485,0.856,0.984,0.993,0.997,0.999,38,0.239,0.367,0.485,0.614,0.921,0.994,0.998,0.999,1,10,0.241,0.363,0.485,0.615,0.92,0.994,0.998,0.999,1,0,0.019,0.022,0.025,0.029,0.044,0.061,0.066,0.071,0.078,38,0.019,0.022,0.025,0.029,0.044,0.061,0.066,0.071,0.079,10,0.019,0.022,0.025,0.029,0.044,0.061,0.066,0.071,0.079,0,-25.377,-0.178,-0.691,-6.863,1,1,1.461,2.47,5.749,38,-0.033,-0.366,-1.419,0.341,1,1.165,1.776,2.994,6.602,10,-0.033,-0.368,-1.451,0.339,1,1.159,1.728,2.982,6.693,0,-2759.827,-2770.46,-2780.232,-2790.959,-2833.374,-2873.739,-2885.037,-2895.046,-2905.216,38,-2759.827,-2770.585,-2780.393,-2791.018,-2833.374,-2873.747,-2885.037,-2895.078,-2905.267,10,-2759.827,-2770.46,-2780.232,-2790.954,-2833.365,-2873.739,-2885.037,-2895.078,-2905.267,0,"E"
"22","uni",46,0,0,2,500,2,2,0,6,4,6922.543,6950.634,6969.463,6993.609,7076.279,7155.9,7178.23,7198.333,7218.359,55,6919.252,6946.902,6965.667,6989.877,7072.661,7152.434,7174.685,7195.107,7214.903,10,6919.252,6946.869,6965.666,6990.154,7072.616,7152.377,7174.685,7195.539,7214.628,0,6915.616,6943.707,6962.536,6986.682,7069.352,7148.973,7171.303,7191.406,7211.432,55,6914.057,6941.707,6960.472,6984.682,7067.465,7147.239,7169.49,7189.911,7209.708,10,6914.057,6941.674,6960.471,6984.959,7067.421,7147.182,7169.49,7190.344,7209.432,0,6935.247,6963.338,6982.167,7006.313,7088.983,7168.604,7190.934,7211.037,7231.063,55,6928.78,6956.431,6975.195,6999.406,7082.189,7161.962,7184.213,7204.635,7224.431,10,6928.78,6956.397,6975.194,6999.683,7082.144,7161.905,7184.213,7205.067,7224.156,0,0,0,0,0,0,1,1,1,1,55,0,0,0,0,1,1,1,1,1,10,0,0,0,0,1,1,1,1,1,0,2,2,2,2,2,2,2,2,2,55,2,2,2,2,2,2,2,2,2,10,2,2,2,2,2,2,2,2,2,0,0.0119,0.0277,0.0512,0.0992,0.4991,0.8923,0.9443,0.9679,0.9873,55,0.012,0.0277,0.0517,0.1,0.503,0.8992,0.9516,0.9754,0.9904,10,0.012,0.0277,0.0517,0.1001,0.5043,0.9,0.9521,0.9755,0.9906,0,0.025,0.065,0.114,0.226,1.389,4.61,5.941,7.174,8.839,55,0.019,0.05,0.098,0.212,1.373,4.604,5.91,7.161,8.833,10,0.018,0.049,0.098,0.21,1.368,4.603,5.91,7.161,8.833,0,6,6,6,6,6,6,6,6,6,55,7,7,7,7,7,7,7,7,7,10,7,7,7,7,7,7,7,7,7,0,0.004,0.0095,0.0195,0.0469,0.333,0.8058,0.8921,0.9362,0.9685,55,0.0078,0.0173,0.0327,0.0758,0.4332,0.8769,0.9389,0.9674,0.9849,10,0.0077,0.017,0.0344,0.0761,0.432,0.8757,0.9379,0.9678,0.9847,0,1.308,1.809,2.278,3.014,6.864,12.745,15.078,16.918,19.061,55,1.413,1.855,2.336,3.083,6.957,12.838,15.235,17.014,19.1,10,1.421,1.845,2.346,3.093,6.968,12.838,15.116,17.06,19.128,0,-3453.808,-3467.854,-3477.268,-3489.341,-3530.676,-3570.487,-3581.651,-3591.703,-3601.716,55,-3454.028,-3467.854,-3477.236,-3489.341,-3530.733,-3570.62,-3581.745,-3591.956,-3601.854,10,-3454.028,-3467.837,-3477.236,-3489.48,-3530.71,-3570.591,-3581.745,-3592.172,-3601.716,0,0,0,0,0,0,0.005,0.02,0.027,0.034,55,0,0,0,0,0,0,0.013,0.021,0.028,10,0,0,0,0,0,0,0.012,0.021,0.028,0,0,0.014,0.026,0.037,0.062,0.084,0.09,0.095,0.1,55,0,0,0.012,0.027,0.055,0.076,0.082,0.086,0.091,10,0,0,0.013,0.027,0.055,0.076,0.082,0.087,0.091,0,0,0,0,0,0.017,0.047,0.055,0.06,0.066,55,0,0,0,0,0,0.041,0.049,0.053,0.059,10,0,0,0,0,0,0.041,0.048,0.054,0.059,0,0.181,0.264,0.353,0.489,0.857,0.985,0.994,0.997,0.999,55,0.28,0.38,0.475,0.619,0.921,0.994,0.998,0.999,1,10,0.28,0.378,0.484,0.62,0.921,0.994,0.998,0.999,1,0,0.019,0.022,0.025,0.029,0.044,0.061,0.067,0.072,0.081,55,0.02,0.022,0.025,0.029,0.044,0.061,0.067,0.072,0.08,10,0.019,0.022,0.025,0.029,0.044,0.061,0.067,0.072,0.08,0,-24.168,-0.132,-0.577,-5.081,1,1,1.468,2.335,4.936,55,-0.013,-0.344,-1.879,0.318,1,1.124,1.694,3.068,6.611,10,-0.019,-0.372,-1.857,0.328,1,1.126,1.713,2.976,5.992,0,-3449.94,-3463.913,-3473.608,-3485.41,-3526.748,-3566.866,-3578.543,-3587.743,-3598.22,55,-3450.018,-3463.886,-3473.608,-3485.242,-3526.841,-3566.912,-3578.655,-3587.864,-3598.22,10,-3450.018,-3463.886,-3473.608,-3485.41,-3526.84,-3566.91,-3578.655,-3587.864,-3598.22,0,"E"
"23","uni",55,0,0,1,1000,2,2,0,6,4,11153.14,11187.79,11218.12,11250.92,11366.26,11480.21,11514.88,11545.04,11572.81,67,11148.84,11183.39,11213.66,11246.63,11362.27,11476.31,11510.95,11540.96,11568.39,17,11148.71,11183.36,11213.58,11246.39,11362.25,11476.14,11510.6,11540.83,11568.9,0,11143.44,11178.09,11208.43,11241.23,11356.57,11470.51,11505.19,11535.34,11563.11,67,11141.57,11176.12,11206.39,11239.36,11355,11469.04,11503.68,11533.69,11561.11,17,11141.44,11176.09,11206.31,11239.12,11354.98,11468.87,11503.33,11533.56,11561.63,0,11165.84,11200.49,11230.83,11263.63,11378.97,11492.92,11527.59,11557.75,11585.52,67,11158.38,11192.92,11223.19,11256.16,11371.8,11485.84,11520.49,11550.49,11577.92,17,11158.24,11192.89,11223.12,11255.92,11371.78,11485.67,11520.13,11550.36,11578.43,0,0,0,0,0,0,1,1,1,1,67,0,0,0,0,1,1,1,1,1,17,0,0,0,0,1,1,1,1,1,0,2,2,2,2,2,2,2,2,2,67,2,2,2,2,2,2,2,2,2,17,2,2,2,2,2,2,2,2,2,0,0.0128,0.0304,0.0561,0.1055,0.4955,0.8963,0.9449,0.9724,0.9894,67,0.0129,0.031,0.0565,0.1062,0.5035,0.902,0.9504,0.9763,0.9904,17,0.0129,0.031,0.0565,0.1069,0.5037,0.9026,0.9507,0.9766,0.9905,0,0.021,0.056,0.113,0.219,1.401,4.491,5.75,6.979,8.701,67,0.019,0.048,0.102,0.206,1.372,4.472,5.747,6.941,8.677,17,0.019,0.047,0.101,0.205,1.371,4.472,5.747,6.941,8.677,0,6,6,6,6,6,6,6,6,6,67,7,7,7,7,7,7,7,7,7,17,7,7,7,7,7,7,7,7,7,0,0.0053,0.0136,0.0259,0.0542,0.3583,0.8043,0.8841,0.9324,0.9635,67,0.01,0.0239,0.0427,0.0851,0.4601,0.8734,0.9336,0.963,0.9839,17,0.0101,0.0238,0.0433,0.0857,0.4566,0.879,0.935,0.9638,0.9834,0,1.434,1.852,2.346,3.031,6.61,12.367,14.357,16.024,18.397,67,1.448,1.93,2.41,3.122,6.706,12.497,14.515,16.122,18.399,17,1.458,1.915,2.387,3.063,6.735,12.482,14.463,16.139,18.399,0,-5567.72,-5585.045,-5600.213,-5616.615,-5674.284,-5731.256,-5748.593,-5763.673,-5777.557,67,-5567.787,-5585.06,-5600.196,-5616.68,-5674.498,-5731.521,-5748.841,-5763.845,-5777.557,17,-5567.72,-5585.045,-5600.157,-5616.559,-5674.49,-5731.433,-5748.663,-5763.78,-5777.814,0,0,0,0,0,0,0,0.012,0.017,0.023,67,0,0,0,0,0,0,0.006,0.012,0.018,17,0,0,0,0,0,0,0.005,0.012,0.018,0,0,0.011,0.019,0.026,0.043,0.058,0.063,0.066,0.07,67,0,0,0.01,0.02,0.038,0.053,0.057,0.06,0.063,17,0,0,0.01,0.019,0.038,0.053,0.057,0.06,0.063,0,0,0,0,0,0.01,0.033,0.037,0.041,0.045,67,0,0,0,0,0,0.028,0.033,0.036,0.04,17,0,0,0,0,0,0.028,0.033,0.036,0.04,0,0.58,0.695,0.771,0.851,0.982,0.999,1,1,1,67,0.725,0.817,0.871,0.924,0.994,1,1,1,1,17,0.727,0.817,0.872,0.925,0.994,1,1,1,1,0,0.014,0.016,0.018,0.02,0.03,0.043,0.046,0.049,0.052,67,0.014,0.016,0.018,0.021,0.031,0.043,0.046,0.049,0.052,17,0.014,0.016,0.018,0.021,0.031,0.043,0.046,0.049,0.052,0,-83.2,-0.229,-0.711,-8.533,1,1.022,1.575,2.465,5.423,67,-0.071,-0.478,-2.114,0.388,1,1.194,1.937,3.009,8.387,17,-0.071,-0.481,-2.259,0.386,1,1.185,1.941,3.014,8.387,0,-5564.468,-5580.703,-5596.416,-5612.711,-5670.562,-5727.394,-5744.451,-5759.779,-5773.489,67,-5564.507,-5580.703,-5596.232,-5612.711,-5670.86,-5727.657,-5744.538,-5759.83,-5773.489,17,-5564.468,-5580.591,-5596.153,-5612.624,-5670.828,-5727.581,-5744.488,-5759.83,-5773.489,0,"E"
"24","uni",64,0,0,2,1000,2,2,0,6,4,13933.8,13965.27,13992.29,14026.61,14141.81,14253.87,14284.5,14309.15,14341.66,78,13927.4,13960.84,13987.87,14022.46,14137.72,14249.48,14280.07,14304.66,14337.01,10,13927.37,13960.84,13987.92,14022.46,14137.7,14249.48,14280.09,14304.49,14336.17,0,13924.1,13955.57,13982.6,14016.92,14132.12,14244.17,14274.8,14299.45,14331.96,78,13920.13,13953.57,13980.6,14015.19,14130.44,14242.21,14272.8,14297.39,14329.74,10,13920.1,13953.57,13980.65,14015.19,14130.43,14242.21,14272.82,14297.22,14328.9,0,13946.51,13977.98,14005,14039.32,14154.52,14266.58,14297.2,14321.86,14354.36,78,13936.93,13970.38,13997.4,14031.99,14147.25,14259.01,14289.6,14314.19,14346.54,10,13936.9,13970.38,13997.45,14031.99,14147.23,14259.01,14289.62,14314.02,14345.7,0,0,0,0,0,0,1,1,1,1,78,0,0,0,0,1,1,1,1,1,10,0,0,0,0,1,1,1,1,1,0,2,2,2,2,2,2,2,2,2,78,2,2,2,2,2,2,2,2,2,10,2,2,2,2,2,2,2,2,2,0,0.0093,0.0264,0.0527,0.1044,0.4969,0.8861,0.9369,0.9698,0.9893,78,0.0093,0.0267,0.0533,0.1056,0.5012,0.8953,0.9487,0.9749,0.9911,10,0.0093,0.0267,0.0533,0.1067,0.5012,0.8964,0.9487,0.9749,0.9911,0,0.021,0.061,0.129,0.241,1.399,4.516,5.885,7.252,9.349,78,0.018,0.05,0.104,0.221,1.382,4.476,5.861,7.238,9.286,10,0.018,0.05,0.104,0.219,1.381,4.473,5.861,7.238,9.286,0,6,6,6,6,6,6,6,6,6,78,7,7,7,7,7,7,7,7,7,10,7,7,7,7,7,7,7,7,7,0,0.0038,0.0088,0.0235,0.0493,0.3518,0.8006,0.8866,0.9343,0.9675,78,0.0073,0.0165,0.0391,0.078,0.4522,0.8709,0.9346,0.9657,0.9847,10,0.0075,0.0163,0.0394,0.0787,0.4561,0.8708,0.9354,0.9651,0.986,0,1.37,1.818,2.331,3.065,6.675,12.628,14.593,17.119,19.231,78,1.423,1.877,2.396,3.147,6.774,12.763,14.765,17.124,19.281,10,1.384,1.898,2.386,3.147,6.742,12.738,14.726,17.169,19.231,0,-6958.051,-6973.786,-6987.298,-7004.458,-7062.059,-7118.085,-7133.4,-7145.727,-7161.981,78,-6957.066,-6973.786,-6987.298,-7004.596,-7062.222,-7118.104,-7133.4,-7145.694,-7161.869,10,-6957.049,-6973.786,-6987.325,-7004.596,-7062.216,-7118.104,-7133.408,-7145.608,-7161.448,0,0,0,0,0,0,0.002,0.013,0.02,0.024,78,0,0,0,0,0,0,0.007,0.015,0.02,10,0,0,0,0,0,0,0.007,0.015,0.02,0,0,0.01,0.019,0.026,0.043,0.059,0.063,0.068,0.071,78,0,0,0.01,0.02,0.038,0.053,0.057,0.061,0.065,10,0,0,0.01,0.02,0.038,0.053,0.057,0.061,0.065,0,0,0,0,0,0.011,0.033,0.038,0.043,0.047,78,0,0,0,0,0,0.029,0.033,0.038,0.042,10,0,0,0,0,0,0.029,0.033,0.038,0.042,0,0.539,0.642,0.76,0.841,0.982,0.999,1,1,1,78,0.689,0.779,0.863,0.918,0.994,1,1,1,1,10,0.693,0.778,0.864,0.919,0.994,1,1,1,1,0,0.014,0.016,0.018,0.02,0.03,0.043,0.047,0.05,0.055,78,0.014,0.016,0.018,0.021,0.031,0.043,0.047,0.05,0.055,10,0.014,0.016,0.018,0.021,0.031,0.043,0.047,0.05,0.055,0,-32.414,-0.167,-0.7,-6.737,1,1.069,1.563,2.475,4.626,78,-0.012,-0.276,-1.509,0.326,1,1.232,1.875,3.155,6.151,10,-0.013,-0.325,-1.607,0.303,1,1.231,1.909,3.245,6.241,0,-6952.954,-6969.972,-6984.021,-7000.292,-7058.479,-7114.414,-7130.053,-7142.719,-7157.503,78,-6952.381,-6969.972,-6984.021,-7000.351,-7058.682,-7114.414,-7129.779,-7142.52,-7157.087,10,-6952.381,-6969.869,-6984.002,-7000.351,-7058.66,-7114.401,-7129.779,-7142.52,-7157.087,0,"E"
